ISO-10303-21;
HEADER;
FILE_DESCRIPTION(('KiCad electronic assembly'),'2;1');
FILE_NAME('PCK-HALL.step','2025-12-22T10:06:12',('Pcbnew'),('Kicad'),
  'Open CASCADE STEP processor 7.8','KiCad to STEP converter','Unknown'
  );
FILE_SCHEMA(('AUTOMOTIVE_DESIGN { 1 0 10303 214 1 1 1 1 }'));
ENDSEC;
DATA;
#1 = APPLICATION_PROTOCOL_DEFINITION('international standard',
  'automotive_design',2000,#2);
#2 = APPLICATION_CONTEXT(
  'core data for automotive mechanical design processes');
#3 = SHAPE_DEFINITION_REPRESENTATION(#4,#10);
#4 = PRODUCT_DEFINITION_SHAPE('','',#5);
#5 = PRODUCT_DEFINITION('design','',#6,#9);
#6 = PRODUCT_DEFINITION_FORMATION('','',#7);
#7 = PRODUCT('PCK-HALL 1','PCK-HALL 1','',(#8));
#8 = PRODUCT_CONTEXT('',#2,'mechanical');
#9 = PRODUCT_DEFINITION_CONTEXT('part definition',#2,'design');
#10 = SHAPE_REPRESENTATION('',(#11,#15,#19,#23,#27,#31),#35);
#11 = AXIS2_PLACEMENT_3D('',#12,#13,#14);
#12 = CARTESIAN_POINT('',(0.,0.,0.));
#13 = DIRECTION('',(0.,0.,1.));
#14 = DIRECTION('',(1.,0.,-0.));
#15 = AXIS2_PLACEMENT_3D('',#16,#17,#18);
#16 = CARTESIAN_POINT('',(0.,0.,1.595));
#17 = DIRECTION('',(0.,0.,1.));
#18 = DIRECTION('',(1.,0.,0.));
#19 = AXIS2_PLACEMENT_3D('',#20,#21,#22);
#20 = CARTESIAN_POINT('',(4.0384,-3.124,-8.5E-02));
#21 = DIRECTION('',(0.,-1.224646799147E-16,-1.));
#22 = DIRECTION('',(1.,0.,0.));
#23 = AXIS2_PLACEMENT_3D('',#24,#25,#26);
#24 = CARTESIAN_POINT('',(-4.1404,-3.2764,-8.5E-02));
#25 = DIRECTION('',(1.499759782662E-32,1.224646799147E-16,-1.));
#26 = DIRECTION('',(-1.,1.224646799147E-16,0.));
#27 = AXIS2_PLACEMENT_3D('',#28,#29,#30);
#28 = CARTESIAN_POINT('',(4.0384,-4.1146,-8.5E-02));
#29 = DIRECTION('',(0.,-1.224646799147E-16,-1.));
#30 = DIRECTION('',(1.,0.,0.));
#31 = AXIS2_PLACEMENT_3D('',#32,#33,#34);
#32 = CARTESIAN_POINT('',(0.,0.,0.));
#33 = DIRECTION('',(0.,0.,1.));
#34 = DIRECTION('',(1.,0.,-0.));
#35 = ( GEOMETRIC_REPRESENTATION_CONTEXT(3) 
GLOBAL_UNCERTAINTY_ASSIGNED_CONTEXT((#39)) GLOBAL_UNIT_ASSIGNED_CONTEXT(
(#36,#37,#38)) REPRESENTATION_CONTEXT('Context #1',
  '3D Context with UNIT and UNCERTAINTY') );
#36 = ( LENGTH_UNIT() NAMED_UNIT(*) SI_UNIT(.MILLI.,.METRE.) );
#37 = ( NAMED_UNIT(*) PLANE_ANGLE_UNIT() SI_UNIT($,.RADIAN.) );
#38 = ( NAMED_UNIT(*) SI_UNIT($,.STERADIAN.) SOLID_ANGLE_UNIT() );
#39 = UNCERTAINTY_MEASURE_WITH_UNIT(LENGTH_MEASURE(1.E-07),#36,
  'distance_accuracy_value','confusion accuracy');
#40 = PRODUCT_RELATED_PRODUCT_CATEGORY('part',$,(#7));
#41 = SHAPE_DEFINITION_REPRESENTATION(#42,#48);
#42 = PRODUCT_DEFINITION_SHAPE('','',#43);
#43 = PRODUCT_DEFINITION('design','',#44,#47);
#44 = PRODUCT_DEFINITION_FORMATION('','',#45);
#45 = PRODUCT('TMAG5328A1ZQDBVR','TMAG5328A1ZQDBVR','',(#46));
#46 = PRODUCT_CONTEXT('',#2,'mechanical');
#47 = PRODUCT_DEFINITION_CONTEXT('part definition',#2,'design');
#48 = SHAPE_REPRESENTATION('',(#11,#49,#53),#57);
#49 = AXIS2_PLACEMENT_3D('',#50,#51,#52);
#50 = CARTESIAN_POINT('',(0.,0.,0.));
#51 = DIRECTION('',(0.,0.,1.));
#52 = DIRECTION('',(1.,0.,0.));
#53 = AXIS2_PLACEMENT_3D('',#54,#55,#56);
#54 = CARTESIAN_POINT('',(0.,0.,0.));
#55 = DIRECTION('',(0.,0.,1.));
#56 = DIRECTION('',(1.,0.,0.));
#57 = ( GEOMETRIC_REPRESENTATION_CONTEXT(3) 
GLOBAL_UNCERTAINTY_ASSIGNED_CONTEXT((#61)) GLOBAL_UNIT_ASSIGNED_CONTEXT(
(#58,#59,#60)) REPRESENTATION_CONTEXT('Context #1',
  '3D Context with UNIT and UNCERTAINTY') );
#58 = ( LENGTH_UNIT() NAMED_UNIT(*) SI_UNIT(.MILLI.,.METRE.) );
#59 = ( NAMED_UNIT(*) PLANE_ANGLE_UNIT() SI_UNIT($,.RADIAN.) );
#60 = ( NAMED_UNIT(*) SI_UNIT($,.STERADIAN.) SOLID_ANGLE_UNIT() );
#61 = UNCERTAINTY_MEASURE_WITH_UNIT(LENGTH_MEASURE(1.E-07),#58,
  'distance_accuracy_value','confusion accuracy');
#62 = CONTEXT_DEPENDENT_SHAPE_REPRESENTATION(#63,#65);
#63 = ( REPRESENTATION_RELATIONSHIP('','',#48,#10) 
REPRESENTATION_RELATIONSHIP_WITH_TRANSFORMATION(#64) 
SHAPE_REPRESENTATION_RELATIONSHIP() );
#64 = ITEM_DEFINED_TRANSFORMATION('','',#11,#15);
#65 = PRODUCT_DEFINITION_SHAPE('Placement','Placement of an item',#66);
#66 = NEXT_ASSEMBLY_USAGE_OCCURRENCE('3','IC1','',#5,#43,$);
#67 = PRODUCT_RELATED_PRODUCT_CATEGORY('part',$,(#45));
#68 = SHAPE_DEFINITION_REPRESENTATION(#69,#75);
#69 = PRODUCT_DEFINITION_SHAPE('','',#70);
#70 = PRODUCT_DEFINITION('design','',#71,#74);
#71 = PRODUCT_DEFINITION_FORMATION('','',#72);
#72 = PRODUCT('Body','Body','',(#73));
#73 = PRODUCT_CONTEXT('',#2,'mechanical');
#74 = PRODUCT_DEFINITION_CONTEXT('part definition',#2,'design');
#75 = ADVANCED_BREP_SHAPE_REPRESENTATION('',(#11,#76),#663);
#76 = MANIFOLD_SOLID_BREP('',#77);
#77 = CLOSED_SHELL('',(#78,#118,#149,#182,#213,#244,#269,#293,#315,#339,
    #357,#388,#412,#424,#441,#465,#498,#522,#539,#564,#599,#617,#629,
    #654));
#78 = ADVANCED_FACE('',(#79),#113,.T.);
#79 = FACE_BOUND('',#80,.T.);
#80 = EDGE_LOOP('',(#81,#91,#99,#107));
#81 = ORIENTED_EDGE('',*,*,#82,.F.);
#82 = EDGE_CURVE('',#83,#85,#87,.T.);
#83 = VERTEX_POINT('',#84);
#84 = CARTESIAN_POINT('',(-0.8,-1.45,0.650244275378));
#85 = VERTEX_POINT('',#86);
#86 = CARTESIAN_POINT('',(-0.724796595048,-1.374796595048,0.109490173033
    ));
#87 = LINE('',#88,#89);
#88 = CARTESIAN_POINT('',(-0.760744822661,-1.410744822661,0.36797782484)
  );
#89 = VECTOR('',#90,1.);
#90 = DIRECTION('',(0.136457196701,0.136457196701,-0.981202765455));
#91 = ORIENTED_EDGE('',*,*,#92,.T.);
#92 = EDGE_CURVE('',#83,#93,#95,.T.);
#93 = VERTEX_POINT('',#94);
#94 = CARTESIAN_POINT('',(-0.8,1.45,0.650244275378));
#95 = LINE('',#96,#97);
#96 = CARTESIAN_POINT('',(-0.8,-1.45,0.650244275378));
#97 = VECTOR('',#98,1.);
#98 = DIRECTION('',(0.,1.,0.));
#99 = ORIENTED_EDGE('',*,*,#100,.T.);
#100 = EDGE_CURVE('',#93,#101,#103,.T.);
#101 = VERTEX_POINT('',#102);
#102 = CARTESIAN_POINT('',(-0.724796595048,1.374796595048,0.109490173033
    ));
#103 = LINE('',#104,#105);
#104 = CARTESIAN_POINT('',(-0.733745001191,1.383745001191,0.173834165625
    ));
#105 = VECTOR('',#106,1.);
#106 = DIRECTION('',(0.136457196701,-0.136457196701,-0.981202765455));
#107 = ORIENTED_EDGE('',*,*,#108,.F.);
#108 = EDGE_CURVE('',#85,#101,#109,.T.);
#109 = LINE('',#110,#111);
#110 = CARTESIAN_POINT('',(-0.724796595048,-1.37,0.109490173033));
#111 = VECTOR('',#112,1.);
#112 = DIRECTION('',(0.,1.,0.));
#113 = PLANE('',#114);
#114 = AXIS2_PLACEMENT_3D('',#115,#116,#117);
#115 = CARTESIAN_POINT('',(-0.76,-1.45,0.362622137689));
#116 = DIRECTION('',(-0.990467631599,1.737646675999E-18,-0.137745674176)
  );
#117 = DIRECTION('',(1.721082787733E-18,1.,2.393533128654E-19));
#118 = ADVANCED_FACE('',(#119),#144,.T.);
#119 = FACE_BOUND('',#120,.F.);
#120 = EDGE_LOOP('',(#121,#122,#130,#138));
#121 = ORIENTED_EDGE('',*,*,#82,.F.);
#122 = ORIENTED_EDGE('',*,*,#123,.T.);
#123 = EDGE_CURVE('',#83,#124,#126,.T.);
#124 = VERTEX_POINT('',#125);
#125 = CARTESIAN_POINT('',(0.8,-1.45,0.650244275378));
#126 = LINE('',#127,#128);
#127 = CARTESIAN_POINT('',(-0.8,-1.45,0.650244275378));
#128 = VECTOR('',#129,1.);
#129 = DIRECTION('',(1.,0.,0.));
#130 = ORIENTED_EDGE('',*,*,#131,.T.);
#131 = EDGE_CURVE('',#124,#132,#134,.T.);
#132 = VERTEX_POINT('',#133);
#133 = CARTESIAN_POINT('',(0.724796595048,-1.374796595048,0.109490173033
    ));
#134 = LINE('',#135,#136);
#135 = CARTESIAN_POINT('',(0.745848369436,-1.395848369436,0.260864081825
    ));
#136 = VECTOR('',#137,1.);
#137 = DIRECTION('',(-0.136457196701,0.136457196701,-0.981202765455));
#138 = ORIENTED_EDGE('',*,*,#139,.F.);
#139 = EDGE_CURVE('',#85,#132,#140,.T.);
#140 = LINE('',#141,#142);
#141 = CARTESIAN_POINT('',(-0.72,-1.374796595048,0.109490173033));
#142 = VECTOR('',#143,1.);
#143 = DIRECTION('',(1.,0.,0.));
#144 = PLANE('',#145);
#145 = AXIS2_PLACEMENT_3D('',#146,#147,#148);
#146 = CARTESIAN_POINT('',(-0.8,-1.41,0.362622137689));
#147 = DIRECTION('',(1.737646675999E-18,-0.990467631599,-0.137745674176)
  );
#148 = DIRECTION('',(-1.,-1.721082787733E-18,-2.393533128654E-19));
#149 = ADVANCED_FACE('',(#150),#177,.T.);
#150 = FACE_BOUND('',#151,.T.);
#151 = EDGE_LOOP('',(#152,#153,#162,#170));
#152 = ORIENTED_EDGE('',*,*,#108,.T.);
#153 = ORIENTED_EDGE('',*,*,#154,.T.);
#154 = EDGE_CURVE('',#101,#155,#157,.T.);
#155 = VERTEX_POINT('',#156);
#156 = CARTESIAN_POINT('',(-0.685177889784,1.335177889784,7.5E-02));
#157 = ELLIPSE('',#158,5.656854249492E-02,4.E-02);
#158 = AXIS2_PLACEMENT_3D('',#159,#160,#161);
#159 = CARTESIAN_POINT('',(-0.685177889784,1.335177889784,0.115));
#160 = DIRECTION('',(-0.707106781187,-0.707106781187,-0.));
#161 = DIRECTION('',(-0.707106781187,0.707106781187,0.));
#162 = ORIENTED_EDGE('',*,*,#163,.F.);
#163 = EDGE_CURVE('',#164,#155,#166,.T.);
#164 = VERTEX_POINT('',#165);
#165 = CARTESIAN_POINT('',(-0.685177889784,-1.335177889784,7.5E-02));
#166 = LINE('',#167,#168);
#167 = CARTESIAN_POINT('',(-0.685177889784,-1.37,7.5E-02));
#168 = VECTOR('',#169,1.);
#169 = DIRECTION('',(0.,1.,0.));
#170 = ORIENTED_EDGE('',*,*,#171,.F.);
#171 = EDGE_CURVE('',#85,#164,#172,.T.);
#172 = ELLIPSE('',#173,5.656854249492E-02,4.E-02);
#173 = AXIS2_PLACEMENT_3D('',#174,#175,#176);
#174 = CARTESIAN_POINT('',(-0.685177889784,-1.335177889784,0.115));
#175 = DIRECTION('',(0.707106781187,-0.707106781187,0.));
#176 = DIRECTION('',(0.707106781187,0.707106781187,0.));
#177 = CYLINDRICAL_SURFACE('',#178,4.E-02);
#178 = AXIS2_PLACEMENT_3D('',#179,#180,#181);
#179 = CARTESIAN_POINT('',(-0.685177889784,-1.37,0.115));
#180 = DIRECTION('',(0.,1.,0.));
#181 = DIRECTION('',(-0.990467631599,0.,-0.137745674176));
#182 = ADVANCED_FACE('',(#183),#208,.F.);
#183 = FACE_BOUND('',#184,.F.);
#184 = EDGE_LOOP('',(#185,#193,#194,#202));
#185 = ORIENTED_EDGE('',*,*,#186,.F.);
#186 = EDGE_CURVE('',#83,#187,#189,.T.);
#187 = VERTEX_POINT('',#188);
#188 = CARTESIAN_POINT('',(-0.8,-1.45,0.743994275378));
#189 = LINE('',#190,#191);
#190 = CARTESIAN_POINT('',(-0.8,-1.45,7.5E-02));
#191 = VECTOR('',#192,1.);
#192 = DIRECTION('',(0.,0.,1.));
#193 = ORIENTED_EDGE('',*,*,#92,.T.);
#194 = ORIENTED_EDGE('',*,*,#195,.T.);
#195 = EDGE_CURVE('',#93,#196,#198,.T.);
#196 = VERTEX_POINT('',#197);
#197 = CARTESIAN_POINT('',(-0.8,1.45,0.743994275378));
#198 = LINE('',#199,#200);
#199 = CARTESIAN_POINT('',(-0.8,1.45,7.5E-02));
#200 = VECTOR('',#201,1.);
#201 = DIRECTION('',(0.,0.,1.));
#202 = ORIENTED_EDGE('',*,*,#203,.F.);
#203 = EDGE_CURVE('',#187,#196,#204,.T.);
#204 = LINE('',#205,#206);
#205 = CARTESIAN_POINT('',(-0.8,-1.45,0.743994275378));
#206 = VECTOR('',#207,1.);
#207 = DIRECTION('',(0.,1.,0.));
#208 = PLANE('',#209);
#209 = AXIS2_PLACEMENT_3D('',#210,#211,#212);
#210 = CARTESIAN_POINT('',(-0.8,-1.45,7.5E-02));
#211 = DIRECTION('',(1.,0.,0.));
#212 = DIRECTION('',(0.,0.,1.));
#213 = ADVANCED_FACE('',(#214),#239,.F.);
#214 = FACE_BOUND('',#215,.T.);
#215 = EDGE_LOOP('',(#216,#217,#225,#233));
#216 = ORIENTED_EDGE('',*,*,#100,.F.);
#217 = ORIENTED_EDGE('',*,*,#218,.T.);
#218 = EDGE_CURVE('',#93,#219,#221,.T.);
#219 = VERTEX_POINT('',#220);
#220 = CARTESIAN_POINT('',(0.8,1.45,0.650244275378));
#221 = LINE('',#222,#223);
#222 = CARTESIAN_POINT('',(-0.8,1.45,0.650244275378));
#223 = VECTOR('',#224,1.);
#224 = DIRECTION('',(1.,0.,0.));
#225 = ORIENTED_EDGE('',*,*,#226,.T.);
#226 = EDGE_CURVE('',#219,#227,#229,.T.);
#227 = VERTEX_POINT('',#228);
#228 = CARTESIAN_POINT('',(0.724796595048,1.374796595048,0.109490173033)
  );
#229 = LINE('',#230,#231);
#230 = CARTESIAN_POINT('',(0.718848547965,1.368848547965,
    6.672042260909E-02));
#231 = VECTOR('',#232,1.);
#232 = DIRECTION('',(-0.136457196701,-0.136457196701,-0.981202765455));
#233 = ORIENTED_EDGE('',*,*,#234,.F.);
#234 = EDGE_CURVE('',#101,#227,#235,.T.);
#235 = LINE('',#236,#237);
#236 = CARTESIAN_POINT('',(-0.72,1.374796595048,0.109490173033));
#237 = VECTOR('',#238,1.);
#238 = DIRECTION('',(1.,0.,0.));
#239 = PLANE('',#240);
#240 = AXIS2_PLACEMENT_3D('',#241,#242,#243);
#241 = CARTESIAN_POINT('',(-0.8,1.41,0.362622137689));
#242 = DIRECTION('',(-1.737646675999E-18,-0.990467631599,0.137745674176)
  );
#243 = DIRECTION('',(-1.,1.721082787733E-18,-2.393533128654E-19));
#244 = ADVANCED_FACE('',(#245),#264,.T.);
#245 = FACE_BOUND('',#246,.T.);
#246 = EDGE_LOOP('',(#247,#248,#256,#263));
#247 = ORIENTED_EDGE('',*,*,#171,.T.);
#248 = ORIENTED_EDGE('',*,*,#249,.T.);
#249 = EDGE_CURVE('',#164,#250,#252,.T.);
#250 = VERTEX_POINT('',#251);
#251 = CARTESIAN_POINT('',(0.685177889784,-1.335177889784,7.5E-02));
#252 = LINE('',#253,#254);
#253 = CARTESIAN_POINT('',(-0.72,-1.335177889784,7.5E-02));
#254 = VECTOR('',#255,1.);
#255 = DIRECTION('',(1.,0.,0.));
#256 = ORIENTED_EDGE('',*,*,#257,.F.);
#257 = EDGE_CURVE('',#132,#250,#258,.T.);
#258 = ELLIPSE('',#259,5.656854249492E-02,4.E-02);
#259 = AXIS2_PLACEMENT_3D('',#260,#261,#262);
#260 = CARTESIAN_POINT('',(0.685177889784,-1.335177889784,0.115));
#261 = DIRECTION('',(0.707106781187,0.707106781187,0.));
#262 = DIRECTION('',(0.707106781187,-0.707106781187,0.));
#263 = ORIENTED_EDGE('',*,*,#139,.F.);
#264 = CYLINDRICAL_SURFACE('',#265,4.E-02);
#265 = AXIS2_PLACEMENT_3D('',#266,#267,#268);
#266 = CARTESIAN_POINT('',(-0.72,-1.335177889784,0.115));
#267 = DIRECTION('',(1.,0.,0.));
#268 = DIRECTION('',(0.,-0.990467631599,-0.137745674176));
#269 = ADVANCED_FACE('',(#270),#288,.F.);
#270 = FACE_BOUND('',#271,.F.);
#271 = EDGE_LOOP('',(#272,#280,#281,#282));
#272 = ORIENTED_EDGE('',*,*,#273,.F.);
#273 = EDGE_CURVE('',#124,#274,#276,.T.);
#274 = VERTEX_POINT('',#275);
#275 = CARTESIAN_POINT('',(0.8,-1.45,0.743994275378));
#276 = LINE('',#277,#278);
#277 = CARTESIAN_POINT('',(0.8,-1.45,7.5E-02));
#278 = VECTOR('',#279,1.);
#279 = DIRECTION('',(0.,0.,1.));
#280 = ORIENTED_EDGE('',*,*,#123,.F.);
#281 = ORIENTED_EDGE('',*,*,#186,.T.);
#282 = ORIENTED_EDGE('',*,*,#283,.T.);
#283 = EDGE_CURVE('',#187,#274,#284,.T.);
#284 = LINE('',#285,#286);
#285 = CARTESIAN_POINT('',(-0.8,-1.45,0.743994275378));
#286 = VECTOR('',#287,1.);
#287 = DIRECTION('',(1.,0.,0.));
#288 = PLANE('',#289);
#289 = AXIS2_PLACEMENT_3D('',#290,#291,#292);
#290 = CARTESIAN_POINT('',(-0.8,-1.45,7.5E-02));
#291 = DIRECTION('',(0.,1.,0.));
#292 = DIRECTION('',(0.,-0.,1.));
#293 = ADVANCED_FACE('',(#294),#310,.F.);
#294 = FACE_BOUND('',#295,.F.);
#295 = EDGE_LOOP('',(#296,#297,#303,#304));
#296 = ORIENTED_EDGE('',*,*,#131,.F.);
#297 = ORIENTED_EDGE('',*,*,#298,.T.);
#298 = EDGE_CURVE('',#124,#219,#299,.T.);
#299 = LINE('',#300,#301);
#300 = CARTESIAN_POINT('',(0.8,-1.45,0.650244275378));
#301 = VECTOR('',#302,1.);
#302 = DIRECTION('',(0.,1.,0.));
#303 = ORIENTED_EDGE('',*,*,#226,.T.);
#304 = ORIENTED_EDGE('',*,*,#305,.F.);
#305 = EDGE_CURVE('',#132,#227,#306,.T.);
#306 = LINE('',#307,#308);
#307 = CARTESIAN_POINT('',(0.724796595048,-1.37,0.109490173033));
#308 = VECTOR('',#309,1.);
#309 = DIRECTION('',(0.,1.,0.));
#310 = PLANE('',#311);
#311 = AXIS2_PLACEMENT_3D('',#312,#313,#314);
#312 = CARTESIAN_POINT('',(0.76,-1.45,0.362622137689));
#313 = DIRECTION('',(-0.990467631599,-1.737646675999E-18,0.137745674176)
  );
#314 = DIRECTION('',(-1.721082787733E-18,1.,2.393533128654E-19));
#315 = ADVANCED_FACE('',(#316),#334,.F.);
#316 = FACE_BOUND('',#317,.F.);
#317 = EDGE_LOOP('',(#318,#319,#320,#328));
#318 = ORIENTED_EDGE('',*,*,#163,.F.);
#319 = ORIENTED_EDGE('',*,*,#249,.T.);
#320 = ORIENTED_EDGE('',*,*,#321,.T.);
#321 = EDGE_CURVE('',#250,#322,#324,.T.);
#322 = VERTEX_POINT('',#323);
#323 = CARTESIAN_POINT('',(0.685177889784,1.335177889784,7.5E-02));
#324 = LINE('',#325,#326);
#325 = CARTESIAN_POINT('',(0.685177889784,-1.37,7.5E-02));
#326 = VECTOR('',#327,1.);
#327 = DIRECTION('',(0.,1.,0.));
#328 = ORIENTED_EDGE('',*,*,#329,.F.);
#329 = EDGE_CURVE('',#155,#322,#330,.T.);
#330 = LINE('',#331,#332);
#331 = CARTESIAN_POINT('',(-0.72,1.335177889784,7.5E-02));
#332 = VECTOR('',#333,1.);
#333 = DIRECTION('',(1.,0.,0.));
#334 = PLANE('',#335);
#335 = AXIS2_PLACEMENT_3D('',#336,#337,#338);
#336 = CARTESIAN_POINT('',(-0.8,-1.45,7.5E-02));
#337 = DIRECTION('',(0.,0.,1.));
#338 = DIRECTION('',(1.,0.,-0.));
#339 = ADVANCED_FACE('',(#340),#352,.T.);
#340 = FACE_BOUND('',#341,.T.);
#341 = EDGE_LOOP('',(#342,#343,#344,#351));
#342 = ORIENTED_EDGE('',*,*,#154,.F.);
#343 = ORIENTED_EDGE('',*,*,#234,.T.);
#344 = ORIENTED_EDGE('',*,*,#345,.F.);
#345 = EDGE_CURVE('',#322,#227,#346,.T.);
#346 = ELLIPSE('',#347,5.656854249492E-02,4.E-02);
#347 = AXIS2_PLACEMENT_3D('',#348,#349,#350);
#348 = CARTESIAN_POINT('',(0.685177889784,1.335177889784,0.115));
#349 = DIRECTION('',(0.707106781187,-0.707106781187,0.));
#350 = DIRECTION('',(0.707106781187,0.707106781187,0.));
#351 = ORIENTED_EDGE('',*,*,#329,.F.);
#352 = CYLINDRICAL_SURFACE('',#353,4.E-02);
#353 = AXIS2_PLACEMENT_3D('',#354,#355,#356);
#354 = CARTESIAN_POINT('',(-0.72,1.335177889784,0.115));
#355 = DIRECTION('',(1.,0.,0.));
#356 = DIRECTION('',(0.,0.,-1.));
#357 = ADVANCED_FACE('',(#358),#383,.F.);
#358 = FACE_BOUND('',#359,.F.);
#359 = EDGE_LOOP('',(#360,#368,#369,#377));
#360 = ORIENTED_EDGE('',*,*,#361,.F.);
#361 = EDGE_CURVE('',#187,#362,#364,.T.);
#362 = VERTEX_POINT('',#363);
#363 = CARTESIAN_POINT('',(-0.724022208792,-1.374022208792,
    1.414503719593));
#364 = LINE('',#365,#366);
#365 = CARTESIAN_POINT('',(-0.760500739291,-1.410500739291,1.09257807761
    ));
#366 = VECTOR('',#367,1.);
#367 = DIRECTION('',(0.111886023646,0.111886023646,0.987402164989));
#368 = ORIENTED_EDGE('',*,*,#203,.T.);
#369 = ORIENTED_EDGE('',*,*,#370,.T.);
#370 = EDGE_CURVE('',#196,#371,#373,.T.);
#371 = VERTEX_POINT('',#372);
#372 = CARTESIAN_POINT('',(-0.724022208792,1.374022208792,1.414503719593
    ));
#373 = LINE('',#374,#375);
#374 = CARTESIAN_POINT('',(-0.742348939975,1.392348939975,1.252769005481
    ));
#375 = VECTOR('',#376,1.);
#376 = DIRECTION('',(0.111886023646,-0.111886023646,0.987402164989));
#377 = ORIENTED_EDGE('',*,*,#378,.F.);
#378 = EDGE_CURVE('',#362,#371,#379,.T.);
#379 = LINE('',#380,#381);
#380 = CARTESIAN_POINT('',(-0.724022208792,-1.37,1.414503719593));
#381 = VECTOR('',#382,1.);
#382 = DIRECTION('',(0.,1.,0.));
#383 = PLANE('',#384);
#384 = AXIS2_PLACEMENT_3D('',#385,#386,#387);
#385 = CARTESIAN_POINT('',(-0.76,-1.45,1.096997137689));
#386 = DIRECTION('',(0.993641192102,1.739096787739E-18,-0.112592989824)
  );
#387 = DIRECTION('',(-1.72803820535E-18,1.,1.958101069252E-19));
#388 = ADVANCED_FACE('',(#389),#407,.T.);
#389 = FACE_BOUND('',#390,.T.);
#390 = EDGE_LOOP('',(#391,#399,#400,#401));
#391 = ORIENTED_EDGE('',*,*,#392,.F.);
#392 = EDGE_CURVE('',#219,#393,#395,.T.);
#393 = VERTEX_POINT('',#394);
#394 = CARTESIAN_POINT('',(0.8,1.45,0.743994275378));
#395 = LINE('',#396,#397);
#396 = CARTESIAN_POINT('',(0.8,1.45,7.5E-02));
#397 = VECTOR('',#398,1.);
#398 = DIRECTION('',(0.,0.,1.));
#399 = ORIENTED_EDGE('',*,*,#218,.F.);
#400 = ORIENTED_EDGE('',*,*,#195,.T.);
#401 = ORIENTED_EDGE('',*,*,#402,.T.);
#402 = EDGE_CURVE('',#196,#393,#403,.T.);
#403 = LINE('',#404,#405);
#404 = CARTESIAN_POINT('',(-0.8,1.45,0.743994275378));
#405 = VECTOR('',#406,1.);
#406 = DIRECTION('',(1.,0.,0.));
#407 = PLANE('',#408);
#408 = AXIS2_PLACEMENT_3D('',#409,#410,#411);
#409 = CARTESIAN_POINT('',(-0.8,1.45,7.5E-02));
#410 = DIRECTION('',(0.,1.,0.));
#411 = DIRECTION('',(0.,-0.,1.));
#412 = ADVANCED_FACE('',(#413),#419,.T.);
#413 = FACE_BOUND('',#414,.T.);
#414 = EDGE_LOOP('',(#415,#416,#417,#418));
#415 = ORIENTED_EDGE('',*,*,#321,.T.);
#416 = ORIENTED_EDGE('',*,*,#345,.T.);
#417 = ORIENTED_EDGE('',*,*,#305,.F.);
#418 = ORIENTED_EDGE('',*,*,#257,.T.);
#419 = CYLINDRICAL_SURFACE('',#420,4.E-02);
#420 = AXIS2_PLACEMENT_3D('',#421,#422,#423);
#421 = CARTESIAN_POINT('',(0.685177889784,-1.37,0.115));
#422 = DIRECTION('',(0.,1.,0.));
#423 = DIRECTION('',(0.,0.,-1.));
#424 = ADVANCED_FACE('',(#425),#436,.T.);
#425 = FACE_BOUND('',#426,.T.);
#426 = EDGE_LOOP('',(#427,#428,#429,#430));
#427 = ORIENTED_EDGE('',*,*,#273,.F.);
#428 = ORIENTED_EDGE('',*,*,#298,.T.);
#429 = ORIENTED_EDGE('',*,*,#392,.T.);
#430 = ORIENTED_EDGE('',*,*,#431,.F.);
#431 = EDGE_CURVE('',#274,#393,#432,.T.);
#432 = LINE('',#433,#434);
#433 = CARTESIAN_POINT('',(0.8,-1.45,0.743994275378));
#434 = VECTOR('',#435,1.);
#435 = DIRECTION('',(0.,1.,0.));
#436 = PLANE('',#437);
#437 = AXIS2_PLACEMENT_3D('',#438,#439,#440);
#438 = CARTESIAN_POINT('',(0.8,-1.45,7.5E-02));
#439 = DIRECTION('',(1.,0.,0.));
#440 = DIRECTION('',(0.,0.,1.));
#441 = ADVANCED_FACE('',(#442),#460,.F.);
#442 = FACE_BOUND('',#443,.T.);
#443 = EDGE_LOOP('',(#444,#445,#446,#454));
#444 = ORIENTED_EDGE('',*,*,#361,.F.);
#445 = ORIENTED_EDGE('',*,*,#283,.T.);
#446 = ORIENTED_EDGE('',*,*,#447,.T.);
#447 = EDGE_CURVE('',#274,#448,#450,.T.);
#448 = VERTEX_POINT('',#449);
#449 = CARTESIAN_POINT('',(0.724022208792,-1.374022208792,1.414503719593
    ));
#450 = LINE('',#451,#452);
#451 = CARTESIAN_POINT('',(0.750485953462,-1.400485953462,1.180959279194
    ));
#452 = VECTOR('',#453,1.);
#453 = DIRECTION('',(-0.111886023646,0.111886023646,0.987402164989));
#454 = ORIENTED_EDGE('',*,*,#455,.F.);
#455 = EDGE_CURVE('',#362,#448,#456,.T.);
#456 = LINE('',#457,#458);
#457 = CARTESIAN_POINT('',(-0.72,-1.374022208792,1.414503719593));
#458 = VECTOR('',#459,1.);
#459 = DIRECTION('',(1.,0.,0.));
#460 = PLANE('',#461);
#461 = AXIS2_PLACEMENT_3D('',#462,#463,#464);
#462 = CARTESIAN_POINT('',(-0.8,-1.41,1.096997137689));
#463 = DIRECTION('',(0.,0.993641192102,-0.112592989824));
#464 = DIRECTION('',(-1.,0.,-0.));
#465 = ADVANCED_FACE('',(#466),#493,.T.);
#466 = FACE_BOUND('',#467,.T.);
#467 = EDGE_LOOP('',(#468,#477,#485,#492));
#468 = ORIENTED_EDGE('',*,*,#469,.T.);
#469 = EDGE_CURVE('',#362,#470,#472,.T.);
#470 = VERTEX_POINT('',#471);
#471 = CARTESIAN_POINT('',(-0.684276561108,-1.334276561108,1.45));
#472 = ELLIPSE('',#473,5.656854249492E-02,4.E-02);
#473 = AXIS2_PLACEMENT_3D('',#474,#475,#476);
#474 = CARTESIAN_POINT('',(-0.684276561108,-1.334276561108,1.41));
#475 = DIRECTION('',(-0.707106781187,0.707106781187,0.));
#476 = DIRECTION('',(0.707106781187,0.707106781187,0.));
#477 = ORIENTED_EDGE('',*,*,#478,.T.);
#478 = EDGE_CURVE('',#470,#479,#481,.T.);
#479 = VERTEX_POINT('',#480);
#480 = CARTESIAN_POINT('',(-0.684276561108,1.334276561108,1.45));
#481 = LINE('',#482,#483);
#482 = CARTESIAN_POINT('',(-0.684276561108,-1.37,1.45));
#483 = VECTOR('',#484,1.);
#484 = DIRECTION('',(0.,1.,0.));
#485 = ORIENTED_EDGE('',*,*,#486,.F.);
#486 = EDGE_CURVE('',#371,#479,#487,.T.);
#487 = ELLIPSE('',#488,5.656854249492E-02,4.E-02);
#488 = AXIS2_PLACEMENT_3D('',#489,#490,#491);
#489 = CARTESIAN_POINT('',(-0.684276561108,1.334276561108,1.41));
#490 = DIRECTION('',(0.707106781187,0.707106781187,-0.));
#491 = DIRECTION('',(-0.707106781187,0.707106781187,0.));
#492 = ORIENTED_EDGE('',*,*,#378,.F.);
#493 = CYLINDRICAL_SURFACE('',#494,4.E-02);
#494 = AXIS2_PLACEMENT_3D('',#495,#496,#497);
#495 = CARTESIAN_POINT('',(-0.684276561108,-1.37,1.41));
#496 = DIRECTION('',(0.,1.,0.));
#497 = DIRECTION('',(-0.993641192102,0.,0.112592989824));
#498 = ADVANCED_FACE('',(#499),#517,.T.);
#499 = FACE_BOUND('',#500,.F.);
#500 = EDGE_LOOP('',(#501,#502,#503,#511));
#501 = ORIENTED_EDGE('',*,*,#370,.F.);
#502 = ORIENTED_EDGE('',*,*,#402,.T.);
#503 = ORIENTED_EDGE('',*,*,#504,.T.);
#504 = EDGE_CURVE('',#393,#505,#507,.T.);
#505 = VERTEX_POINT('',#506);
#506 = CARTESIAN_POINT('',(0.724022208792,1.374022208792,1.414503719593)
  );
#507 = LINE('',#508,#509);
#508 = CARTESIAN_POINT('',(0.732334154145,1.382334154145,1.341150207065)
  );
#509 = VECTOR('',#510,1.);
#510 = DIRECTION('',(-0.111886023646,-0.111886023646,0.987402164989));
#511 = ORIENTED_EDGE('',*,*,#512,.F.);
#512 = EDGE_CURVE('',#371,#505,#513,.T.);
#513 = LINE('',#514,#515);
#514 = CARTESIAN_POINT('',(-0.72,1.374022208792,1.414503719593));
#515 = VECTOR('',#516,1.);
#516 = DIRECTION('',(1.,0.,0.));
#517 = PLANE('',#518);
#518 = AXIS2_PLACEMENT_3D('',#519,#520,#521);
#519 = CARTESIAN_POINT('',(-0.8,1.41,1.096997137689));
#520 = DIRECTION('',(0.,0.993641192102,0.112592989824));
#521 = DIRECTION('',(-1.,0.,0.));
#522 = ADVANCED_FACE('',(#523),#534,.T.);
#523 = FACE_BOUND('',#524,.T.);
#524 = EDGE_LOOP('',(#525,#526,#527,#528));
#525 = ORIENTED_EDGE('',*,*,#447,.F.);
#526 = ORIENTED_EDGE('',*,*,#431,.T.);
#527 = ORIENTED_EDGE('',*,*,#504,.T.);
#528 = ORIENTED_EDGE('',*,*,#529,.F.);
#529 = EDGE_CURVE('',#448,#505,#530,.T.);
#530 = LINE('',#531,#532);
#531 = CARTESIAN_POINT('',(0.724022208792,-1.37,1.414503719593));
#532 = VECTOR('',#533,1.);
#533 = DIRECTION('',(0.,1.,0.));
#534 = PLANE('',#535);
#535 = AXIS2_PLACEMENT_3D('',#536,#537,#538);
#536 = CARTESIAN_POINT('',(0.76,-1.45,1.096997137689));
#537 = DIRECTION('',(0.993641192102,-1.739096787739E-18,0.112592989824)
  );
#538 = DIRECTION('',(1.72803820535E-18,1.,1.958101069252E-19));
#539 = ADVANCED_FACE('',(#540),#559,.T.);
#540 = FACE_BOUND('',#541,.T.);
#541 = EDGE_LOOP('',(#542,#543,#552,#558));
#542 = ORIENTED_EDGE('',*,*,#455,.T.);
#543 = ORIENTED_EDGE('',*,*,#544,.T.);
#544 = EDGE_CURVE('',#448,#545,#547,.T.);
#545 = VERTEX_POINT('',#546);
#546 = CARTESIAN_POINT('',(0.684276561108,-1.334276561108,1.45));
#547 = ELLIPSE('',#548,5.656854249492E-02,4.E-02);
#548 = AXIS2_PLACEMENT_3D('',#549,#550,#551);
#549 = CARTESIAN_POINT('',(0.684276561108,-1.334276561108,1.41));
#550 = DIRECTION('',(-0.707106781187,-0.707106781187,0.));
#551 = DIRECTION('',(0.707106781187,-0.707106781187,0.));
#552 = ORIENTED_EDGE('',*,*,#553,.F.);
#553 = EDGE_CURVE('',#470,#545,#554,.T.);
#554 = LINE('',#555,#556);
#555 = CARTESIAN_POINT('',(-0.72,-1.334276561108,1.45));
#556 = VECTOR('',#557,1.);
#557 = DIRECTION('',(1.,0.,0.));
#558 = ORIENTED_EDGE('',*,*,#469,.F.);
#559 = CYLINDRICAL_SURFACE('',#560,4.E-02);
#560 = AXIS2_PLACEMENT_3D('',#561,#562,#563);
#561 = CARTESIAN_POINT('',(-0.72,-1.334276561108,1.41));
#562 = DIRECTION('',(1.,0.,0.));
#563 = DIRECTION('',(0.,-0.993641192102,0.112592989824));
#564 = ADVANCED_FACE('',(#565,#583),#594,.T.);
#565 = FACE_BOUND('',#566,.T.);
#566 = EDGE_LOOP('',(#567,#568,#569,#577));
#567 = ORIENTED_EDGE('',*,*,#478,.F.);
#568 = ORIENTED_EDGE('',*,*,#553,.T.);
#569 = ORIENTED_EDGE('',*,*,#570,.T.);
#570 = EDGE_CURVE('',#545,#571,#573,.T.);
#571 = VERTEX_POINT('',#572);
#572 = CARTESIAN_POINT('',(0.684276561108,1.334276561108,1.45));
#573 = LINE('',#574,#575);
#574 = CARTESIAN_POINT('',(0.684276561108,-1.37,1.45));
#575 = VECTOR('',#576,1.);
#576 = DIRECTION('',(0.,1.,0.));
#577 = ORIENTED_EDGE('',*,*,#578,.F.);
#578 = EDGE_CURVE('',#479,#571,#579,.T.);
#579 = LINE('',#580,#581);
#580 = CARTESIAN_POINT('',(-0.72,1.334276561108,1.45));
#581 = VECTOR('',#582,1.);
#582 = DIRECTION('',(1.,0.,0.));
#583 = FACE_BOUND('',#584,.T.);
#584 = EDGE_LOOP('',(#585));
#585 = ORIENTED_EDGE('',*,*,#586,.F.);
#586 = EDGE_CURVE('',#587,#587,#589,.T.);
#587 = VERTEX_POINT('',#588);
#588 = CARTESIAN_POINT('',(-0.38,0.95,1.45));
#589 = CIRCLE('',#590,0.1);
#590 = AXIS2_PLACEMENT_3D('',#591,#592,#593);
#591 = CARTESIAN_POINT('',(-0.48,0.95,1.45));
#592 = DIRECTION('',(0.,0.,1.));
#593 = DIRECTION('',(1.,0.,-0.));
#594 = PLANE('',#595);
#595 = AXIS2_PLACEMENT_3D('',#596,#597,#598);
#596 = CARTESIAN_POINT('',(-0.8,-1.45,1.45));
#597 = DIRECTION('',(0.,0.,1.));
#598 = DIRECTION('',(1.,0.,-0.));
#599 = ADVANCED_FACE('',(#600),#612,.T.);
#600 = FACE_BOUND('',#601,.T.);
#601 = EDGE_LOOP('',(#602,#603,#610,#611));
#602 = ORIENTED_EDGE('',*,*,#578,.T.);
#603 = ORIENTED_EDGE('',*,*,#604,.T.);
#604 = EDGE_CURVE('',#571,#505,#605,.T.);
#605 = ELLIPSE('',#606,5.656854249492E-02,4.E-02);
#606 = AXIS2_PLACEMENT_3D('',#607,#608,#609);
#607 = CARTESIAN_POINT('',(0.684276561108,1.334276561108,1.41));
#608 = DIRECTION('',(-0.707106781187,0.707106781187,0.));
#609 = DIRECTION('',(0.707106781187,0.707106781187,0.));
#610 = ORIENTED_EDGE('',*,*,#512,.F.);
#611 = ORIENTED_EDGE('',*,*,#486,.T.);
#612 = CYLINDRICAL_SURFACE('',#613,4.E-02);
#613 = AXIS2_PLACEMENT_3D('',#614,#615,#616);
#614 = CARTESIAN_POINT('',(-0.72,1.334276561108,1.41));
#615 = DIRECTION('',(1.,0.,0.));
#616 = DIRECTION('',(0.,0.,1.));
#617 = ADVANCED_FACE('',(#618),#624,.T.);
#618 = FACE_BOUND('',#619,.T.);
#619 = EDGE_LOOP('',(#620,#621,#622,#623));
#620 = ORIENTED_EDGE('',*,*,#544,.F.);
#621 = ORIENTED_EDGE('',*,*,#529,.T.);
#622 = ORIENTED_EDGE('',*,*,#604,.F.);
#623 = ORIENTED_EDGE('',*,*,#570,.F.);
#624 = CYLINDRICAL_SURFACE('',#625,4.E-02);
#625 = AXIS2_PLACEMENT_3D('',#626,#627,#628);
#626 = CARTESIAN_POINT('',(0.684276561108,-1.37,1.41));
#627 = DIRECTION('',(0.,1.,0.));
#628 = DIRECTION('',(0.,-0.,1.));
#629 = ADVANCED_FACE('',(#630),#649,.F.);
#630 = FACE_BOUND('',#631,.F.);
#631 = EDGE_LOOP('',(#632,#640,#641,#642));
#632 = ORIENTED_EDGE('',*,*,#633,.T.);
#633 = EDGE_CURVE('',#634,#587,#636,.T.);
#634 = VERTEX_POINT('',#635);
#635 = CARTESIAN_POINT('',(-0.38,0.95,1.305));
#636 = LINE('',#637,#638);
#637 = CARTESIAN_POINT('',(-0.38,0.95,1.305));
#638 = VECTOR('',#639,1.);
#639 = DIRECTION('',(0.,0.,1.));
#640 = ORIENTED_EDGE('',*,*,#586,.F.);
#641 = ORIENTED_EDGE('',*,*,#633,.F.);
#642 = ORIENTED_EDGE('',*,*,#643,.T.);
#643 = EDGE_CURVE('',#634,#634,#644,.T.);
#644 = CIRCLE('',#645,0.1);
#645 = AXIS2_PLACEMENT_3D('',#646,#647,#648);
#646 = CARTESIAN_POINT('',(-0.48,0.95,1.305));
#647 = DIRECTION('',(0.,0.,1.));
#648 = DIRECTION('',(1.,0.,-0.));
#649 = CYLINDRICAL_SURFACE('',#650,0.1);
#650 = AXIS2_PLACEMENT_3D('',#651,#652,#653);
#651 = CARTESIAN_POINT('',(-0.48,0.95,1.305));
#652 = DIRECTION('',(0.,0.,1.));
#653 = DIRECTION('',(1.,0.,-0.));
#654 = ADVANCED_FACE('',(#655),#658,.T.);
#655 = FACE_BOUND('',#656,.F.);
#656 = EDGE_LOOP('',(#657));
#657 = ORIENTED_EDGE('',*,*,#643,.F.);
#658 = PLANE('',#659);
#659 = AXIS2_PLACEMENT_3D('',#660,#661,#662);
#660 = CARTESIAN_POINT('',(-0.48,0.95,1.305));
#661 = DIRECTION('',(0.,0.,1.));
#662 = DIRECTION('',(1.,0.,-0.));
#663 = ( GEOMETRIC_REPRESENTATION_CONTEXT(3) 
GLOBAL_UNCERTAINTY_ASSIGNED_CONTEXT((#667)) GLOBAL_UNIT_ASSIGNED_CONTEXT
((#664,#665,#666)) REPRESENTATION_CONTEXT('Context #1',
  '3D Context with UNIT and UNCERTAINTY') );
#664 = ( LENGTH_UNIT() NAMED_UNIT(*) SI_UNIT(.MILLI.,.METRE.) );
#665 = ( NAMED_UNIT(*) PLANE_ANGLE_UNIT() SI_UNIT($,.RADIAN.) );
#666 = ( NAMED_UNIT(*) SI_UNIT($,.STERADIAN.) SOLID_ANGLE_UNIT() );
#667 = UNCERTAINTY_MEASURE_WITH_UNIT(LENGTH_MEASURE(1.E-07),#664,
  'distance_accuracy_value','confusion accuracy');
#668 = CONTEXT_DEPENDENT_SHAPE_REPRESENTATION(#669,#671);
#669 = ( REPRESENTATION_RELATIONSHIP('','',#75,#48) 
REPRESENTATION_RELATIONSHIP_WITH_TRANSFORMATION(#670) 
SHAPE_REPRESENTATION_RELATIONSHIP() );
#670 = ITEM_DEFINED_TRANSFORMATION('','',#11,#49);
#671 = PRODUCT_DEFINITION_SHAPE('Placement','Placement of an item',#672
  );
#672 = NEXT_ASSEMBLY_USAGE_OCCURRENCE('1','=>[0:1:1:2]','',#43,#70,$);
#673 = PRODUCT_RELATED_PRODUCT_CATEGORY('part',$,(#72));
#674 = SHAPE_DEFINITION_REPRESENTATION(#675,#681);
#675 = PRODUCT_DEFINITION_SHAPE('','',#676);
#676 = PRODUCT_DEFINITION('design','',#677,#680);
#677 = PRODUCT_DEFINITION_FORMATION('','',#678);
#678 = PRODUCT('PinsArrayLR','PinsArrayLR','',(#679));
#679 = PRODUCT_CONTEXT('',#2,'mechanical');
#680 = PRODUCT_DEFINITION_CONTEXT('part definition',#2,'design');
#681 = SHAPE_REPRESENTATION('',(#11,#682,#1069,#1456,#1843,#2230,#2617),
  #3004);
#682 = MANIFOLD_SOLID_BREP('',#683);
#683 = CLOSED_SHELL('',(#684,#724,#814,#839,#863,#938,#955,#972,#989,
    #1006,#1023,#1040,#1057));
#684 = ADVANCED_FACE('',(#685),#719,.T.);
#685 = FACE_BOUND('',#686,.T.);
#686 = EDGE_LOOP('',(#687,#697,#705,#713));
#687 = ORIENTED_EDGE('',*,*,#688,.F.);
#688 = EDGE_CURVE('',#689,#691,#693,.T.);
#689 = VERTEX_POINT('',#690);
#690 = CARTESIAN_POINT('',(-1.4,1.1375,9.375E-02));
#691 = VERTEX_POINT('',#692);
#692 = CARTESIAN_POINT('',(-1.064508444024,1.1375,9.375E-02));
#693 = LINE('',#694,#695);
#694 = CARTESIAN_POINT('',(-1.4,1.1375,9.375E-02));
#695 = VECTOR('',#696,1.);
#696 = DIRECTION('',(1.,0.,0.));
#697 = ORIENTED_EDGE('',*,*,#698,.F.);
#698 = EDGE_CURVE('',#699,#689,#701,.T.);
#699 = VERTEX_POINT('',#700);
#700 = CARTESIAN_POINT('',(-1.4,0.7625,9.375E-02));
#701 = LINE('',#702,#703);
#702 = CARTESIAN_POINT('',(-1.4,0.7625,9.375E-02));
#703 = VECTOR('',#704,1.);
#704 = DIRECTION('',(0.,1.,0.));
#705 = ORIENTED_EDGE('',*,*,#706,.T.);
#706 = EDGE_CURVE('',#699,#707,#709,.T.);
#707 = VERTEX_POINT('',#708);
#708 = CARTESIAN_POINT('',(-1.064508444024,0.7625,9.375E-02));
#709 = LINE('',#710,#711);
#710 = CARTESIAN_POINT('',(-1.4,0.7625,9.375E-02));
#711 = VECTOR('',#712,1.);
#712 = DIRECTION('',(1.,0.,0.));
#713 = ORIENTED_EDGE('',*,*,#714,.T.);
#714 = EDGE_CURVE('',#707,#691,#715,.T.);
#715 = LINE('',#716,#717);
#716 = CARTESIAN_POINT('',(-1.064508444024,0.7625,9.375E-02));
#717 = VECTOR('',#718,1.);
#718 = DIRECTION('',(0.,1.,0.));
#719 = PLANE('',#720);
#720 = AXIS2_PLACEMENT_3D('',#721,#722,#723);
#721 = CARTESIAN_POINT('',(-1.4,0.7625,9.375E-02));
#722 = DIRECTION('',(0.,0.,1.));
#723 = DIRECTION('',(1.,0.,-0.));
#724 = ADVANCED_FACE('',(#725),#809,.T.);
#725 = FACE_BOUND('',#726,.T.);
#726 = EDGE_LOOP('',(#727,#737,#743,#744,#753,#761,#770,#778,#786,#794,
    #802));
#727 = ORIENTED_EDGE('',*,*,#728,.F.);
#728 = EDGE_CURVE('',#729,#731,#733,.T.);
#729 = VERTEX_POINT('',#730);
#730 = CARTESIAN_POINT('',(-1.4,1.1375,0.));
#731 = VERTEX_POINT('',#732);
#732 = CARTESIAN_POINT('',(-0.988169481341,1.1375,-6.938893903907E-18));
#733 = LINE('',#734,#735);
#734 = CARTESIAN_POINT('',(-1.4,1.1375,0.));
#735 = VECTOR('',#736,1.);
#736 = DIRECTION('',(1.,0.,0.));
#737 = ORIENTED_EDGE('',*,*,#738,.T.);
#738 = EDGE_CURVE('',#729,#689,#739,.T.);
#739 = LINE('',#740,#741);
#740 = CARTESIAN_POINT('',(-1.4,1.1375,0.));
#741 = VECTOR('',#742,1.);
#742 = DIRECTION('',(0.,0.,1.));
#743 = ORIENTED_EDGE('',*,*,#688,.T.);
#744 = ORIENTED_EDGE('',*,*,#745,.T.);
#745 = EDGE_CURVE('',#691,#746,#748,.T.);
#746 = VERTEX_POINT('',#747);
#747 = CARTESIAN_POINT('',(-1.01860561186,1.1375,0.131127862311));
#748 = CIRCLE('',#749,4.6875E-02);
#749 = AXIS2_PLACEMENT_3D('',#750,#751,#752);
#750 = CARTESIAN_POINT('',(-1.064508444024,1.1375,0.140625));
#751 = DIRECTION('',(0.,-1.,0.));
#752 = DIRECTION('',(0.,0.,1.));
#753 = ORIENTED_EDGE('',*,*,#754,.T.);
#754 = EDGE_CURVE('',#746,#755,#757,.T.);
#755 = VERTEX_POINT('',#756);
#756 = CARTESIAN_POINT('',(-0.899539015152,1.1375,0.706616413068));
#757 = LINE('',#758,#759);
#758 = CARTESIAN_POINT('',(-1.041805664329,1.1375,1.899427537837E-02));
#759 = VECTOR('',#760,1.);
#760 = DIRECTION('',(0.202605604036,0.,0.979260419507));
#761 = ORIENTED_EDGE('',*,*,#762,.T.);
#762 = EDGE_CURVE('',#755,#763,#765,.T.);
#763 = VERTEX_POINT('',#764);
#764 = CARTESIAN_POINT('',(-0.853636182987,1.1375,0.743994275378));
#765 = CIRCLE('',#766,4.6875E-02);
#766 = AXIS2_PLACEMENT_3D('',#767,#768,#769);
#767 = CARTESIAN_POINT('',(-0.853636182987,1.1375,0.697119275378));
#768 = DIRECTION('',(0.,1.,0.));
#769 = DIRECTION('',(0.,-0.,1.));
#770 = ORIENTED_EDGE('',*,*,#771,.T.);
#771 = EDGE_CURVE('',#763,#772,#774,.T.);
#772 = VERTEX_POINT('',#773);
#773 = CARTESIAN_POINT('',(-0.8,1.1375,0.743994275378));
#774 = LINE('',#775,#776);
#775 = CARTESIAN_POINT('',(-0.891805664329,1.1375,0.743994275378));
#776 = VECTOR('',#777,1.);
#777 = DIRECTION('',(1.,0.,0.));
#778 = ORIENTED_EDGE('',*,*,#779,.F.);
#779 = EDGE_CURVE('',#780,#772,#782,.T.);
#780 = VERTEX_POINT('',#781);
#781 = CARTESIAN_POINT('',(-0.8,1.1375,0.650244275378));
#782 = LINE('',#783,#784);
#783 = CARTESIAN_POINT('',(-0.8,1.1375,0.650244275378));
#784 = VECTOR('',#785,1.);
#785 = DIRECTION('',(0.,0.,1.));
#786 = ORIENTED_EDGE('',*,*,#787,.F.);
#787 = EDGE_CURVE('',#788,#780,#790,.T.);
#788 = VERTEX_POINT('',#789);
#789 = CARTESIAN_POINT('',(-0.815466701646,1.1375,0.650244275378));
#790 = LINE('',#791,#792);
#791 = CARTESIAN_POINT('',(-0.891805664329,1.1375,0.650244275378));
#792 = VECTOR('',#793,1.);
#793 = DIRECTION('',(1.,0.,0.));
#794 = ORIENTED_EDGE('',*,*,#795,.F.);
#795 = EDGE_CURVE('',#796,#788,#798,.T.);
#796 = VERTEX_POINT('',#797);
#797 = CARTESIAN_POINT('',(-0.942266649177,1.1375,3.737786231081E-02));
#798 = LINE('',#799,#800);
#799 = CARTESIAN_POINT('',(-0.95,1.1375,-6.938893903907E-18));
#800 = VECTOR('',#801,1.);
#801 = DIRECTION('',(0.202605604036,0.,0.979260419507));
#802 = ORIENTED_EDGE('',*,*,#803,.F.);
#803 = EDGE_CURVE('',#731,#796,#804,.T.);
#804 = CIRCLE('',#805,4.6875E-02);
#805 = AXIS2_PLACEMENT_3D('',#806,#807,#808);
#806 = CARTESIAN_POINT('',(-0.988169481341,1.1375,4.6875E-02));
#807 = DIRECTION('',(0.,-1.,0.));
#808 = DIRECTION('',(0.,0.,1.));
#809 = PLANE('',#810);
#810 = AXIS2_PLACEMENT_3D('',#811,#812,#813);
#811 = CARTESIAN_POINT('',(-1.022476876345,1.1375,0.276792898763));
#812 = DIRECTION('',(3.026748408068E-30,1.,-1.194885526208E-30));
#813 = DIRECTION('',(1.,-3.026748408068E-30,0.));
#814 = ADVANCED_FACE('',(#815),#834,.F.);
#815 = FACE_BOUND('',#816,.F.);
#816 = EDGE_LOOP('',(#817,#818,#819,#827));
#817 = ORIENTED_EDGE('',*,*,#714,.T.);
#818 = ORIENTED_EDGE('',*,*,#745,.T.);
#819 = ORIENTED_EDGE('',*,*,#820,.F.);
#820 = EDGE_CURVE('',#821,#746,#823,.T.);
#821 = VERTEX_POINT('',#822);
#822 = CARTESIAN_POINT('',(-1.01860561186,0.7625,0.131127862311));
#823 = LINE('',#824,#825);
#824 = CARTESIAN_POINT('',(-1.01860561186,0.7625,0.131127862311));
#825 = VECTOR('',#826,1.);
#826 = DIRECTION('',(0.,1.,0.));
#827 = ORIENTED_EDGE('',*,*,#828,.F.);
#828 = EDGE_CURVE('',#707,#821,#829,.T.);
#829 = CIRCLE('',#830,4.6875E-02);
#830 = AXIS2_PLACEMENT_3D('',#831,#832,#833);
#831 = CARTESIAN_POINT('',(-1.064508444024,0.7625,0.140625));
#832 = DIRECTION('',(0.,-1.,0.));
#833 = DIRECTION('',(0.,0.,1.));
#834 = CYLINDRICAL_SURFACE('',#835,4.6875E-02);
#835 = AXIS2_PLACEMENT_3D('',#836,#837,#838);
#836 = CARTESIAN_POINT('',(-1.064508444024,0.7625,0.140625));
#837 = DIRECTION('',(0.,1.,0.));
#838 = DIRECTION('',(0.,0.,-1.));
#839 = ADVANCED_FACE('',(#840),#858,.F.);
#840 = FACE_BOUND('',#841,.F.);
#841 = EDGE_LOOP('',(#842,#850,#856,#857));
#842 = ORIENTED_EDGE('',*,*,#843,.F.);
#843 = EDGE_CURVE('',#844,#699,#846,.T.);
#844 = VERTEX_POINT('',#845);
#845 = CARTESIAN_POINT('',(-1.4,0.7625,0.));
#846 = LINE('',#847,#848);
#847 = CARTESIAN_POINT('',(-1.4,0.7625,0.));
#848 = VECTOR('',#849,1.);
#849 = DIRECTION('',(0.,0.,1.));
#850 = ORIENTED_EDGE('',*,*,#851,.T.);
#851 = EDGE_CURVE('',#844,#729,#852,.T.);
#852 = LINE('',#853,#854);
#853 = CARTESIAN_POINT('',(-1.4,0.7625,0.));
#854 = VECTOR('',#855,1.);
#855 = DIRECTION('',(0.,1.,0.));
#856 = ORIENTED_EDGE('',*,*,#738,.T.);
#857 = ORIENTED_EDGE('',*,*,#698,.F.);
#858 = PLANE('',#859);
#859 = AXIS2_PLACEMENT_3D('',#860,#861,#862);
#860 = CARTESIAN_POINT('',(-1.4,0.7625,0.));
#861 = DIRECTION('',(1.,0.,0.));
#862 = DIRECTION('',(0.,0.,1.));
#863 = ADVANCED_FACE('',(#864),#933,.T.);
#864 = FACE_BOUND('',#865,.T.);
#865 = EDGE_LOOP('',(#866,#874,#883,#891,#899,#907,#915,#924,#930,#931,
    #932));
#866 = ORIENTED_EDGE('',*,*,#867,.T.);
#867 = EDGE_CURVE('',#844,#868,#870,.T.);
#868 = VERTEX_POINT('',#869);
#869 = CARTESIAN_POINT('',(-0.988169481341,0.7625,-6.938893903907E-18));
#870 = LINE('',#871,#872);
#871 = CARTESIAN_POINT('',(-1.4,0.7625,0.));
#872 = VECTOR('',#873,1.);
#873 = DIRECTION('',(1.,0.,0.));
#874 = ORIENTED_EDGE('',*,*,#875,.T.);
#875 = EDGE_CURVE('',#868,#876,#878,.T.);
#876 = VERTEX_POINT('',#877);
#877 = CARTESIAN_POINT('',(-0.942266649177,0.7625,3.737786231081E-02));
#878 = CIRCLE('',#879,4.6875E-02);
#879 = AXIS2_PLACEMENT_3D('',#880,#881,#882);
#880 = CARTESIAN_POINT('',(-0.988169481341,0.7625,4.6875E-02));
#881 = DIRECTION('',(0.,-1.,0.));
#882 = DIRECTION('',(0.,0.,1.));
#883 = ORIENTED_EDGE('',*,*,#884,.T.);
#884 = EDGE_CURVE('',#876,#885,#887,.T.);
#885 = VERTEX_POINT('',#886);
#886 = CARTESIAN_POINT('',(-0.815466701646,0.7625,0.650244275378));
#887 = LINE('',#888,#889);
#888 = CARTESIAN_POINT('',(-0.95,0.7625,-6.938893903907E-18));
#889 = VECTOR('',#890,1.);
#890 = DIRECTION('',(0.202605604036,0.,0.979260419507));
#891 = ORIENTED_EDGE('',*,*,#892,.T.);
#892 = EDGE_CURVE('',#885,#893,#895,.T.);
#893 = VERTEX_POINT('',#894);
#894 = CARTESIAN_POINT('',(-0.8,0.7625,0.650244275378));
#895 = LINE('',#896,#897);
#896 = CARTESIAN_POINT('',(-0.891805664329,0.7625,0.650244275378));
#897 = VECTOR('',#898,1.);
#898 = DIRECTION('',(1.,0.,0.));
#899 = ORIENTED_EDGE('',*,*,#900,.T.);
#900 = EDGE_CURVE('',#893,#901,#903,.T.);
#901 = VERTEX_POINT('',#902);
#902 = CARTESIAN_POINT('',(-0.8,0.7625,0.743994275378));
#903 = LINE('',#904,#905);
#904 = CARTESIAN_POINT('',(-0.8,0.7625,0.650244275378));
#905 = VECTOR('',#906,1.);
#906 = DIRECTION('',(0.,0.,1.));
#907 = ORIENTED_EDGE('',*,*,#908,.F.);
#908 = EDGE_CURVE('',#909,#901,#911,.T.);
#909 = VERTEX_POINT('',#910);
#910 = CARTESIAN_POINT('',(-0.853636182987,0.7625,0.743994275378));
#911 = LINE('',#912,#913);
#912 = CARTESIAN_POINT('',(-0.891805664329,0.7625,0.743994275378));
#913 = VECTOR('',#914,1.);
#914 = DIRECTION('',(1.,0.,0.));
#915 = ORIENTED_EDGE('',*,*,#916,.F.);
#916 = EDGE_CURVE('',#917,#909,#919,.T.);
#917 = VERTEX_POINT('',#918);
#918 = CARTESIAN_POINT('',(-0.899539015152,0.7625,0.706616413068));
#919 = CIRCLE('',#920,4.6875E-02);
#920 = AXIS2_PLACEMENT_3D('',#921,#922,#923);
#921 = CARTESIAN_POINT('',(-0.853636182987,0.7625,0.697119275378));
#922 = DIRECTION('',(0.,1.,0.));
#923 = DIRECTION('',(0.,-0.,1.));
#924 = ORIENTED_EDGE('',*,*,#925,.F.);
#925 = EDGE_CURVE('',#821,#917,#926,.T.);
#926 = LINE('',#927,#928);
#927 = CARTESIAN_POINT('',(-1.041805664329,0.7625,1.899427537837E-02));
#928 = VECTOR('',#929,1.);
#929 = DIRECTION('',(0.202605604036,0.,0.979260419507));
#930 = ORIENTED_EDGE('',*,*,#828,.F.);
#931 = ORIENTED_EDGE('',*,*,#706,.F.);
#932 = ORIENTED_EDGE('',*,*,#843,.F.);
#933 = PLANE('',#934);
#934 = AXIS2_PLACEMENT_3D('',#935,#936,#937);
#935 = CARTESIAN_POINT('',(-1.022476876345,0.7625,0.276792898763));
#936 = DIRECTION('',(-0.,-1.,-0.));
#937 = DIRECTION('',(0.,0.,-1.));
#938 = ADVANCED_FACE('',(#939),#950,.F.);
#939 = FACE_BOUND('',#940,.F.);
#940 = EDGE_LOOP('',(#941,#942,#943,#944));
#941 = ORIENTED_EDGE('',*,*,#728,.F.);
#942 = ORIENTED_EDGE('',*,*,#851,.F.);
#943 = ORIENTED_EDGE('',*,*,#867,.T.);
#944 = ORIENTED_EDGE('',*,*,#945,.T.);
#945 = EDGE_CURVE('',#868,#731,#946,.T.);
#946 = LINE('',#947,#948);
#947 = CARTESIAN_POINT('',(-0.988169481341,0.7625,-6.938893903907E-18));
#948 = VECTOR('',#949,1.);
#949 = DIRECTION('',(0.,1.,0.));
#950 = PLANE('',#951);
#951 = AXIS2_PLACEMENT_3D('',#952,#953,#954);
#952 = CARTESIAN_POINT('',(-1.4,0.7625,0.));
#953 = DIRECTION('',(0.,0.,1.));
#954 = DIRECTION('',(1.,0.,-0.));
#955 = ADVANCED_FACE('',(#956),#967,.T.);
#956 = FACE_BOUND('',#957,.T.);
#957 = EDGE_LOOP('',(#958,#959,#960,#966));
#958 = ORIENTED_EDGE('',*,*,#945,.T.);
#959 = ORIENTED_EDGE('',*,*,#803,.T.);
#960 = ORIENTED_EDGE('',*,*,#961,.F.);
#961 = EDGE_CURVE('',#876,#796,#962,.T.);
#962 = LINE('',#963,#964);
#963 = CARTESIAN_POINT('',(-0.942266649177,0.7625,3.737786231081E-02));
#964 = VECTOR('',#965,1.);
#965 = DIRECTION('',(0.,1.,0.));
#966 = ORIENTED_EDGE('',*,*,#875,.F.);
#967 = CYLINDRICAL_SURFACE('',#968,4.6875E-02);
#968 = AXIS2_PLACEMENT_3D('',#969,#970,#971);
#969 = CARTESIAN_POINT('',(-0.988169481341,0.7625,4.6875E-02));
#970 = DIRECTION('',(0.,1.,0.));
#971 = DIRECTION('',(0.,0.,-1.));
#972 = ADVANCED_FACE('',(#973),#984,.T.);
#973 = FACE_BOUND('',#974,.T.);
#974 = EDGE_LOOP('',(#975,#976,#977,#978));
#975 = ORIENTED_EDGE('',*,*,#884,.F.);
#976 = ORIENTED_EDGE('',*,*,#961,.T.);
#977 = ORIENTED_EDGE('',*,*,#795,.T.);
#978 = ORIENTED_EDGE('',*,*,#979,.F.);
#979 = EDGE_CURVE('',#885,#788,#980,.T.);
#980 = LINE('',#981,#982);
#981 = CARTESIAN_POINT('',(-0.815466701646,0.7625,0.650244275378));
#982 = VECTOR('',#983,1.);
#983 = DIRECTION('',(0.,1.,0.));
#984 = PLANE('',#985);
#985 = AXIS2_PLACEMENT_3D('',#986,#987,#988);
#986 = CARTESIAN_POINT('',(-0.95,0.7625,-6.938893903907E-18));
#987 = DIRECTION('',(0.979260419507,0.,-0.202605604036));
#988 = DIRECTION('',(0.202605604036,0.,0.979260419507));
#989 = ADVANCED_FACE('',(#990),#1001,.F.);
#990 = FACE_BOUND('',#991,.F.);
#991 = EDGE_LOOP('',(#992,#993,#994,#995));
#992 = ORIENTED_EDGE('',*,*,#787,.F.);
#993 = ORIENTED_EDGE('',*,*,#979,.F.);
#994 = ORIENTED_EDGE('',*,*,#892,.T.);
#995 = ORIENTED_EDGE('',*,*,#996,.T.);
#996 = EDGE_CURVE('',#893,#780,#997,.T.);
#997 = LINE('',#998,#999);
#998 = CARTESIAN_POINT('',(-0.8,0.7625,0.650244275378));
#999 = VECTOR('',#1000,1.);
#1000 = DIRECTION('',(0.,1.,0.));
#1001 = PLANE('',#1002);
#1002 = AXIS2_PLACEMENT_3D('',#1003,#1004,#1005);
#1003 = CARTESIAN_POINT('',(-0.891805664329,0.7625,0.650244275378));
#1004 = DIRECTION('',(0.,0.,1.));
#1005 = DIRECTION('',(1.,0.,-0.));
#1006 = ADVANCED_FACE('',(#1007),#1018,.T.);
#1007 = FACE_BOUND('',#1008,.T.);
#1008 = EDGE_LOOP('',(#1009,#1010,#1011,#1012));
#1009 = ORIENTED_EDGE('',*,*,#900,.F.);
#1010 = ORIENTED_EDGE('',*,*,#996,.T.);
#1011 = ORIENTED_EDGE('',*,*,#779,.T.);
#1012 = ORIENTED_EDGE('',*,*,#1013,.F.);
#1013 = EDGE_CURVE('',#901,#772,#1014,.T.);
#1014 = LINE('',#1015,#1016);
#1015 = CARTESIAN_POINT('',(-0.8,0.7625,0.743994275378));
#1016 = VECTOR('',#1017,1.);
#1017 = DIRECTION('',(0.,1.,0.));
#1018 = PLANE('',#1019);
#1019 = AXIS2_PLACEMENT_3D('',#1020,#1021,#1022);
#1020 = CARTESIAN_POINT('',(-0.8,0.7625,0.650244275378));
#1021 = DIRECTION('',(1.,0.,0.));
#1022 = DIRECTION('',(0.,0.,1.));
#1023 = ADVANCED_FACE('',(#1024),#1035,.F.);
#1024 = FACE_BOUND('',#1025,.F.);
#1025 = EDGE_LOOP('',(#1026,#1027,#1028,#1029));
#1026 = ORIENTED_EDGE('',*,*,#925,.F.);
#1027 = ORIENTED_EDGE('',*,*,#820,.T.);
#1028 = ORIENTED_EDGE('',*,*,#754,.T.);
#1029 = ORIENTED_EDGE('',*,*,#1030,.F.);
#1030 = EDGE_CURVE('',#917,#755,#1031,.T.);
#1031 = LINE('',#1032,#1033);
#1032 = CARTESIAN_POINT('',(-0.899539015152,0.7625,0.706616413068));
#1033 = VECTOR('',#1034,1.);
#1034 = DIRECTION('',(0.,1.,0.));
#1035 = PLANE('',#1036);
#1036 = AXIS2_PLACEMENT_3D('',#1037,#1038,#1039);
#1037 = CARTESIAN_POINT('',(-1.041805664329,0.7625,1.899427537837E-02));
#1038 = DIRECTION('',(0.979260419507,0.,-0.202605604036));
#1039 = DIRECTION('',(0.202605604036,0.,0.979260419507));
#1040 = ADVANCED_FACE('',(#1041),#1052,.T.);
#1041 = FACE_BOUND('',#1042,.T.);
#1042 = EDGE_LOOP('',(#1043,#1044,#1045,#1046));
#1043 = ORIENTED_EDGE('',*,*,#908,.T.);
#1044 = ORIENTED_EDGE('',*,*,#1013,.T.);
#1045 = ORIENTED_EDGE('',*,*,#771,.F.);
#1046 = ORIENTED_EDGE('',*,*,#1047,.F.);
#1047 = EDGE_CURVE('',#909,#763,#1048,.T.);
#1048 = LINE('',#1049,#1050);
#1049 = CARTESIAN_POINT('',(-0.853636182987,0.7625,0.743994275378));
#1050 = VECTOR('',#1051,1.);
#1051 = DIRECTION('',(0.,1.,0.));
#1052 = PLANE('',#1053);
#1053 = AXIS2_PLACEMENT_3D('',#1054,#1055,#1056);
#1054 = CARTESIAN_POINT('',(-0.891805664329,0.7625,0.743994275378));
#1055 = DIRECTION('',(0.,0.,1.));
#1056 = DIRECTION('',(1.,0.,-0.));
#1057 = ADVANCED_FACE('',(#1058),#1064,.T.);
#1058 = FACE_BOUND('',#1059,.T.);
#1059 = EDGE_LOOP('',(#1060,#1061,#1062,#1063));
#1060 = ORIENTED_EDGE('',*,*,#916,.T.);
#1061 = ORIENTED_EDGE('',*,*,#1047,.T.);
#1062 = ORIENTED_EDGE('',*,*,#762,.F.);
#1063 = ORIENTED_EDGE('',*,*,#1030,.F.);
#1064 = CYLINDRICAL_SURFACE('',#1065,4.6875E-02);
#1065 = AXIS2_PLACEMENT_3D('',#1066,#1067,#1068);
#1066 = CARTESIAN_POINT('',(-0.853636182987,0.7625,0.697119275378));
#1067 = DIRECTION('',(0.,1.,0.));
#1068 = DIRECTION('',(-0.979260419507,0.,0.202605604036));
#1069 = MANIFOLD_SOLID_BREP('',#1070);
#1070 = CLOSED_SHELL('',(#1071,#1111,#1201,#1226,#1250,#1325,#1342,#1359
    ,#1376,#1393,#1410,#1427,#1444));
#1071 = ADVANCED_FACE('',(#1072),#1106,.T.);
#1072 = FACE_BOUND('',#1073,.T.);
#1073 = EDGE_LOOP('',(#1074,#1084,#1092,#1100));
#1074 = ORIENTED_EDGE('',*,*,#1075,.F.);
#1075 = EDGE_CURVE('',#1076,#1078,#1080,.T.);
#1076 = VERTEX_POINT('',#1077);
#1077 = CARTESIAN_POINT('',(1.064508444024,1.1375,9.375E-02));
#1078 = VERTEX_POINT('',#1079);
#1079 = CARTESIAN_POINT('',(1.4,1.1375,9.375E-02));
#1080 = LINE('',#1081,#1082);
#1081 = CARTESIAN_POINT('',(0.95,1.1375,9.375E-02));
#1082 = VECTOR('',#1083,1.);
#1083 = DIRECTION('',(1.,0.,0.));
#1084 = ORIENTED_EDGE('',*,*,#1085,.F.);
#1085 = EDGE_CURVE('',#1086,#1076,#1088,.T.);
#1086 = VERTEX_POINT('',#1087);
#1087 = CARTESIAN_POINT('',(1.064508444024,0.7625,9.375E-02));
#1088 = LINE('',#1089,#1090);
#1089 = CARTESIAN_POINT('',(1.064508444024,0.7625,9.375E-02));
#1090 = VECTOR('',#1091,1.);
#1091 = DIRECTION('',(0.,1.,0.));
#1092 = ORIENTED_EDGE('',*,*,#1093,.T.);
#1093 = EDGE_CURVE('',#1086,#1094,#1096,.T.);
#1094 = VERTEX_POINT('',#1095);
#1095 = CARTESIAN_POINT('',(1.4,0.7625,9.375E-02));
#1096 = LINE('',#1097,#1098);
#1097 = CARTESIAN_POINT('',(0.95,0.7625,9.375E-02));
#1098 = VECTOR('',#1099,1.);
#1099 = DIRECTION('',(1.,0.,0.));
#1100 = ORIENTED_EDGE('',*,*,#1101,.T.);
#1101 = EDGE_CURVE('',#1094,#1078,#1102,.T.);
#1102 = LINE('',#1103,#1104);
#1103 = CARTESIAN_POINT('',(1.4,0.7625,9.375E-02));
#1104 = VECTOR('',#1105,1.);
#1105 = DIRECTION('',(0.,1.,0.));
#1106 = PLANE('',#1107);
#1107 = AXIS2_PLACEMENT_3D('',#1108,#1109,#1110);
#1108 = CARTESIAN_POINT('',(0.95,0.7625,9.375E-02));
#1109 = DIRECTION('',(0.,0.,1.));
#1110 = DIRECTION('',(1.,0.,-0.));
#1111 = ADVANCED_FACE('',(#1112),#1196,.T.);
#1112 = FACE_BOUND('',#1113,.T.);
#1113 = EDGE_LOOP('',(#1114,#1124,#1133,#1141,#1149,#1157,#1165,#1174,
    #1182,#1189,#1190));
#1114 = ORIENTED_EDGE('',*,*,#1115,.F.);
#1115 = EDGE_CURVE('',#1116,#1118,#1120,.T.);
#1116 = VERTEX_POINT('',#1117);
#1117 = CARTESIAN_POINT('',(0.988169481341,1.1375,-6.938893903907E-18));
#1118 = VERTEX_POINT('',#1119);
#1119 = CARTESIAN_POINT('',(1.4,1.1375,0.));
#1120 = LINE('',#1121,#1122);
#1121 = CARTESIAN_POINT('',(0.95,1.1375,0.));
#1122 = VECTOR('',#1123,1.);
#1123 = DIRECTION('',(1.,0.,0.));
#1124 = ORIENTED_EDGE('',*,*,#1125,.T.);
#1125 = EDGE_CURVE('',#1116,#1126,#1128,.T.);
#1126 = VERTEX_POINT('',#1127);
#1127 = CARTESIAN_POINT('',(0.942266649177,1.1375,3.737786231081E-02));
#1128 = CIRCLE('',#1129,4.6875E-02);
#1129 = AXIS2_PLACEMENT_3D('',#1130,#1131,#1132);
#1130 = CARTESIAN_POINT('',(0.988169481341,1.1375,4.6875E-02));
#1131 = DIRECTION('',(0.,1.,0.));
#1132 = DIRECTION('',(0.,-0.,1.));
#1133 = ORIENTED_EDGE('',*,*,#1134,.T.);
#1134 = EDGE_CURVE('',#1126,#1135,#1137,.T.);
#1135 = VERTEX_POINT('',#1136);
#1136 = CARTESIAN_POINT('',(0.815466701646,1.1375,0.650244275378));
#1137 = LINE('',#1138,#1139);
#1138 = CARTESIAN_POINT('',(0.95,1.1375,0.));
#1139 = VECTOR('',#1140,1.);
#1140 = DIRECTION('',(-0.202605604036,0.,0.979260419507));
#1141 = ORIENTED_EDGE('',*,*,#1142,.F.);
#1142 = EDGE_CURVE('',#1143,#1135,#1145,.T.);
#1143 = VERTEX_POINT('',#1144);
#1144 = CARTESIAN_POINT('',(0.8,1.1375,0.650244275378));
#1145 = LINE('',#1146,#1147);
#1146 = CARTESIAN_POINT('',(0.8,1.1375,0.650244275378));
#1147 = VECTOR('',#1148,1.);
#1148 = DIRECTION('',(1.,0.,0.));
#1149 = ORIENTED_EDGE('',*,*,#1150,.T.);
#1150 = EDGE_CURVE('',#1143,#1151,#1153,.T.);
#1151 = VERTEX_POINT('',#1152);
#1152 = CARTESIAN_POINT('',(0.8,1.1375,0.743994275378));
#1153 = LINE('',#1154,#1155);
#1154 = CARTESIAN_POINT('',(0.8,1.1375,0.650244275378));
#1155 = VECTOR('',#1156,1.);
#1156 = DIRECTION('',(0.,0.,1.));
#1157 = ORIENTED_EDGE('',*,*,#1158,.T.);
#1158 = EDGE_CURVE('',#1151,#1159,#1161,.T.);
#1159 = VERTEX_POINT('',#1160);
#1160 = CARTESIAN_POINT('',(0.853636182987,1.1375,0.743994275378));
#1161 = LINE('',#1162,#1163);
#1162 = CARTESIAN_POINT('',(0.8,1.1375,0.743994275378));
#1163 = VECTOR('',#1164,1.);
#1164 = DIRECTION('',(1.,0.,0.));
#1165 = ORIENTED_EDGE('',*,*,#1166,.F.);
#1166 = EDGE_CURVE('',#1167,#1159,#1169,.T.);
#1167 = VERTEX_POINT('',#1168);
#1168 = CARTESIAN_POINT('',(0.899539015152,1.1375,0.706616413068));
#1169 = CIRCLE('',#1170,4.6875E-02);
#1170 = AXIS2_PLACEMENT_3D('',#1171,#1172,#1173);
#1171 = CARTESIAN_POINT('',(0.853636182987,1.1375,0.697119275378));
#1172 = DIRECTION('',(0.,-1.,0.));
#1173 = DIRECTION('',(0.,0.,1.));
#1174 = ORIENTED_EDGE('',*,*,#1175,.F.);
#1175 = EDGE_CURVE('',#1176,#1167,#1178,.T.);
#1176 = VERTEX_POINT('',#1177);
#1177 = CARTESIAN_POINT('',(1.01860561186,1.1375,0.131127862311));
#1178 = LINE('',#1179,#1180);
#1179 = CARTESIAN_POINT('',(1.041805664329,1.1375,1.899427537837E-02));
#1180 = VECTOR('',#1181,1.);
#1181 = DIRECTION('',(-0.202605604036,0.,0.979260419507));
#1182 = ORIENTED_EDGE('',*,*,#1183,.F.);
#1183 = EDGE_CURVE('',#1076,#1176,#1184,.T.);
#1184 = CIRCLE('',#1185,4.6875E-02);
#1185 = AXIS2_PLACEMENT_3D('',#1186,#1187,#1188);
#1186 = CARTESIAN_POINT('',(1.064508444024,1.1375,0.140625));
#1187 = DIRECTION('',(0.,1.,0.));
#1188 = DIRECTION('',(0.,-0.,1.));
#1189 = ORIENTED_EDGE('',*,*,#1075,.T.);
#1190 = ORIENTED_EDGE('',*,*,#1191,.F.);
#1191 = EDGE_CURVE('',#1118,#1078,#1192,.T.);
#1192 = LINE('',#1193,#1194);
#1193 = CARTESIAN_POINT('',(1.4,1.1375,0.));
#1194 = VECTOR('',#1195,1.);
#1195 = DIRECTION('',(0.,0.,1.));
#1196 = PLANE('',#1197);
#1197 = AXIS2_PLACEMENT_3D('',#1198,#1199,#1200);
#1198 = CARTESIAN_POINT('',(1.022476876345,1.1375,0.276792898763));
#1199 = DIRECTION('',(5.719538977484E-31,1.,8.150204619526E-32));
#1200 = DIRECTION('',(1.,-5.719538977484E-31,0.));
#1201 = ADVANCED_FACE('',(#1202),#1221,.F.);
#1202 = FACE_BOUND('',#1203,.F.);
#1203 = EDGE_LOOP('',(#1204,#1213,#1219,#1220));
#1204 = ORIENTED_EDGE('',*,*,#1205,.T.);
#1205 = EDGE_CURVE('',#1086,#1206,#1208,.T.);
#1206 = VERTEX_POINT('',#1207);
#1207 = CARTESIAN_POINT('',(1.01860561186,0.7625,0.131127862311));
#1208 = CIRCLE('',#1209,4.6875E-02);
#1209 = AXIS2_PLACEMENT_3D('',#1210,#1211,#1212);
#1210 = CARTESIAN_POINT('',(1.064508444024,0.7625,0.140625));
#1211 = DIRECTION('',(0.,1.,0.));
#1212 = DIRECTION('',(0.,-0.,1.));
#1213 = ORIENTED_EDGE('',*,*,#1214,.T.);
#1214 = EDGE_CURVE('',#1206,#1176,#1215,.T.);
#1215 = LINE('',#1216,#1217);
#1216 = CARTESIAN_POINT('',(1.01860561186,0.7625,0.131127862311));
#1217 = VECTOR('',#1218,1.);
#1218 = DIRECTION('',(0.,1.,0.));
#1219 = ORIENTED_EDGE('',*,*,#1183,.F.);
#1220 = ORIENTED_EDGE('',*,*,#1085,.F.);
#1221 = CYLINDRICAL_SURFACE('',#1222,4.6875E-02);
#1222 = AXIS2_PLACEMENT_3D('',#1223,#1224,#1225);
#1223 = CARTESIAN_POINT('',(1.064508444024,0.7625,0.140625));
#1224 = DIRECTION('',(0.,1.,0.));
#1225 = DIRECTION('',(0.,0.,-1.));
#1226 = ADVANCED_FACE('',(#1227),#1245,.T.);
#1227 = FACE_BOUND('',#1228,.T.);
#1228 = EDGE_LOOP('',(#1229,#1237,#1243,#1244));
#1229 = ORIENTED_EDGE('',*,*,#1230,.F.);
#1230 = EDGE_CURVE('',#1231,#1094,#1233,.T.);
#1231 = VERTEX_POINT('',#1232);
#1232 = CARTESIAN_POINT('',(1.4,0.7625,0.));
#1233 = LINE('',#1234,#1235);
#1234 = CARTESIAN_POINT('',(1.4,0.7625,0.));
#1235 = VECTOR('',#1236,1.);
#1236 = DIRECTION('',(0.,0.,1.));
#1237 = ORIENTED_EDGE('',*,*,#1238,.T.);
#1238 = EDGE_CURVE('',#1231,#1118,#1239,.T.);
#1239 = LINE('',#1240,#1241);
#1240 = CARTESIAN_POINT('',(1.4,0.7625,0.));
#1241 = VECTOR('',#1242,1.);
#1242 = DIRECTION('',(0.,1.,0.));
#1243 = ORIENTED_EDGE('',*,*,#1191,.T.);
#1244 = ORIENTED_EDGE('',*,*,#1101,.F.);
#1245 = PLANE('',#1246);
#1246 = AXIS2_PLACEMENT_3D('',#1247,#1248,#1249);
#1247 = CARTESIAN_POINT('',(1.4,0.7625,0.));
#1248 = DIRECTION('',(1.,0.,0.));
#1249 = DIRECTION('',(0.,0.,1.));
#1250 = ADVANCED_FACE('',(#1251),#1320,.T.);
#1251 = FACE_BOUND('',#1252,.T.);
#1252 = EDGE_LOOP('',(#1253,#1261,#1262,#1263,#1264,#1272,#1281,#1289,
    #1297,#1305,#1313));
#1253 = ORIENTED_EDGE('',*,*,#1254,.T.);
#1254 = EDGE_CURVE('',#1255,#1231,#1257,.T.);
#1255 = VERTEX_POINT('',#1256);
#1256 = CARTESIAN_POINT('',(0.988169481341,0.7625,-6.938893903907E-18));
#1257 = LINE('',#1258,#1259);
#1258 = CARTESIAN_POINT('',(0.95,0.7625,0.));
#1259 = VECTOR('',#1260,1.);
#1260 = DIRECTION('',(1.,0.,0.));
#1261 = ORIENTED_EDGE('',*,*,#1230,.T.);
#1262 = ORIENTED_EDGE('',*,*,#1093,.F.);
#1263 = ORIENTED_EDGE('',*,*,#1205,.T.);
#1264 = ORIENTED_EDGE('',*,*,#1265,.T.);
#1265 = EDGE_CURVE('',#1206,#1266,#1268,.T.);
#1266 = VERTEX_POINT('',#1267);
#1267 = CARTESIAN_POINT('',(0.899539015152,0.7625,0.706616413068));
#1268 = LINE('',#1269,#1270);
#1269 = CARTESIAN_POINT('',(1.041805664329,0.7625,1.899427537837E-02));
#1270 = VECTOR('',#1271,1.);
#1271 = DIRECTION('',(-0.202605604036,0.,0.979260419507));
#1272 = ORIENTED_EDGE('',*,*,#1273,.T.);
#1273 = EDGE_CURVE('',#1266,#1274,#1276,.T.);
#1274 = VERTEX_POINT('',#1275);
#1275 = CARTESIAN_POINT('',(0.853636182987,0.7625,0.743994275378));
#1276 = CIRCLE('',#1277,4.6875E-02);
#1277 = AXIS2_PLACEMENT_3D('',#1278,#1279,#1280);
#1278 = CARTESIAN_POINT('',(0.853636182987,0.7625,0.697119275378));
#1279 = DIRECTION('',(0.,-1.,0.));
#1280 = DIRECTION('',(0.,0.,1.));
#1281 = ORIENTED_EDGE('',*,*,#1282,.F.);
#1282 = EDGE_CURVE('',#1283,#1274,#1285,.T.);
#1283 = VERTEX_POINT('',#1284);
#1284 = CARTESIAN_POINT('',(0.8,0.7625,0.743994275378));
#1285 = LINE('',#1286,#1287);
#1286 = CARTESIAN_POINT('',(0.8,0.7625,0.743994275378));
#1287 = VECTOR('',#1288,1.);
#1288 = DIRECTION('',(1.,0.,0.));
#1289 = ORIENTED_EDGE('',*,*,#1290,.F.);
#1290 = EDGE_CURVE('',#1291,#1283,#1293,.T.);
#1291 = VERTEX_POINT('',#1292);
#1292 = CARTESIAN_POINT('',(0.8,0.7625,0.650244275378));
#1293 = LINE('',#1294,#1295);
#1294 = CARTESIAN_POINT('',(0.8,0.7625,0.650244275378));
#1295 = VECTOR('',#1296,1.);
#1296 = DIRECTION('',(0.,0.,1.));
#1297 = ORIENTED_EDGE('',*,*,#1298,.T.);
#1298 = EDGE_CURVE('',#1291,#1299,#1301,.T.);
#1299 = VERTEX_POINT('',#1300);
#1300 = CARTESIAN_POINT('',(0.815466701646,0.7625,0.650244275378));
#1301 = LINE('',#1302,#1303);
#1302 = CARTESIAN_POINT('',(0.8,0.7625,0.650244275378));
#1303 = VECTOR('',#1304,1.);
#1304 = DIRECTION('',(1.,0.,0.));
#1305 = ORIENTED_EDGE('',*,*,#1306,.F.);
#1306 = EDGE_CURVE('',#1307,#1299,#1309,.T.);
#1307 = VERTEX_POINT('',#1308);
#1308 = CARTESIAN_POINT('',(0.942266649177,0.7625,3.737786231081E-02));
#1309 = LINE('',#1310,#1311);
#1310 = CARTESIAN_POINT('',(0.95,0.7625,0.));
#1311 = VECTOR('',#1312,1.);
#1312 = DIRECTION('',(-0.202605604036,0.,0.979260419507));
#1313 = ORIENTED_EDGE('',*,*,#1314,.F.);
#1314 = EDGE_CURVE('',#1255,#1307,#1315,.T.);
#1315 = CIRCLE('',#1316,4.6875E-02);
#1316 = AXIS2_PLACEMENT_3D('',#1317,#1318,#1319);
#1317 = CARTESIAN_POINT('',(0.988169481341,0.7625,4.6875E-02));
#1318 = DIRECTION('',(0.,1.,0.));
#1319 = DIRECTION('',(0.,-0.,1.));
#1320 = PLANE('',#1321);
#1321 = AXIS2_PLACEMENT_3D('',#1322,#1323,#1324);
#1322 = CARTESIAN_POINT('',(1.022476876345,0.7625,0.276792898763));
#1323 = DIRECTION('',(1.924939741013E-30,-1.,9.924455450031E-31));
#1324 = DIRECTION('',(-1.,-1.924939741013E-30,0.));
#1325 = ADVANCED_FACE('',(#1326),#1337,.F.);
#1326 = FACE_BOUND('',#1327,.F.);
#1327 = EDGE_LOOP('',(#1328,#1329,#1330,#1331));
#1328 = ORIENTED_EDGE('',*,*,#1254,.T.);
#1329 = ORIENTED_EDGE('',*,*,#1238,.T.);
#1330 = ORIENTED_EDGE('',*,*,#1115,.F.);
#1331 = ORIENTED_EDGE('',*,*,#1332,.F.);
#1332 = EDGE_CURVE('',#1255,#1116,#1333,.T.);
#1333 = LINE('',#1334,#1335);
#1334 = CARTESIAN_POINT('',(0.988169481341,0.7625,-6.938893903907E-18));
#1335 = VECTOR('',#1336,1.);
#1336 = DIRECTION('',(0.,1.,0.));
#1337 = PLANE('',#1338);
#1338 = AXIS2_PLACEMENT_3D('',#1339,#1340,#1341);
#1339 = CARTESIAN_POINT('',(0.95,0.7625,0.));
#1340 = DIRECTION('',(0.,0.,1.));
#1341 = DIRECTION('',(1.,0.,-0.));
#1342 = ADVANCED_FACE('',(#1343),#1354,.T.);
#1343 = FACE_BOUND('',#1344,.T.);
#1344 = EDGE_LOOP('',(#1345,#1346,#1352,#1353));
#1345 = ORIENTED_EDGE('',*,*,#1314,.T.);
#1346 = ORIENTED_EDGE('',*,*,#1347,.T.);
#1347 = EDGE_CURVE('',#1307,#1126,#1348,.T.);
#1348 = LINE('',#1349,#1350);
#1349 = CARTESIAN_POINT('',(0.942266649177,0.7625,3.737786231081E-02));
#1350 = VECTOR('',#1351,1.);
#1351 = DIRECTION('',(0.,1.,0.));
#1352 = ORIENTED_EDGE('',*,*,#1125,.F.);
#1353 = ORIENTED_EDGE('',*,*,#1332,.F.);
#1354 = CYLINDRICAL_SURFACE('',#1355,4.6875E-02);
#1355 = AXIS2_PLACEMENT_3D('',#1356,#1357,#1358);
#1356 = CARTESIAN_POINT('',(0.988169481341,0.7625,4.6875E-02));
#1357 = DIRECTION('',(0.,1.,0.));
#1358 = DIRECTION('',(0.,0.,-1.));
#1359 = ADVANCED_FACE('',(#1360),#1371,.F.);
#1360 = FACE_BOUND('',#1361,.F.);
#1361 = EDGE_LOOP('',(#1362,#1363,#1364,#1365));
#1362 = ORIENTED_EDGE('',*,*,#1306,.F.);
#1363 = ORIENTED_EDGE('',*,*,#1347,.T.);
#1364 = ORIENTED_EDGE('',*,*,#1134,.T.);
#1365 = ORIENTED_EDGE('',*,*,#1366,.F.);
#1366 = EDGE_CURVE('',#1299,#1135,#1367,.T.);
#1367 = LINE('',#1368,#1369);
#1368 = CARTESIAN_POINT('',(0.815466701646,0.7625,0.650244275378));
#1369 = VECTOR('',#1370,1.);
#1370 = DIRECTION('',(0.,1.,0.));
#1371 = PLANE('',#1372);
#1372 = AXIS2_PLACEMENT_3D('',#1373,#1374,#1375);
#1373 = CARTESIAN_POINT('',(0.95,0.7625,0.));
#1374 = DIRECTION('',(0.979260419507,0.,0.202605604036));
#1375 = DIRECTION('',(-0.202605604036,0.,0.979260419507));
#1376 = ADVANCED_FACE('',(#1377),#1388,.F.);
#1377 = FACE_BOUND('',#1378,.F.);
#1378 = EDGE_LOOP('',(#1379,#1380,#1386,#1387));
#1379 = ORIENTED_EDGE('',*,*,#1142,.F.);
#1380 = ORIENTED_EDGE('',*,*,#1381,.F.);
#1381 = EDGE_CURVE('',#1291,#1143,#1382,.T.);
#1382 = LINE('',#1383,#1384);
#1383 = CARTESIAN_POINT('',(0.8,0.7625,0.650244275378));
#1384 = VECTOR('',#1385,1.);
#1385 = DIRECTION('',(0.,1.,0.));
#1386 = ORIENTED_EDGE('',*,*,#1298,.T.);
#1387 = ORIENTED_EDGE('',*,*,#1366,.T.);
#1388 = PLANE('',#1389);
#1389 = AXIS2_PLACEMENT_3D('',#1390,#1391,#1392);
#1390 = CARTESIAN_POINT('',(0.8,0.7625,0.650244275378));
#1391 = DIRECTION('',(0.,0.,1.));
#1392 = DIRECTION('',(1.,0.,-0.));
#1393 = ADVANCED_FACE('',(#1394),#1405,.F.);
#1394 = FACE_BOUND('',#1395,.T.);
#1395 = EDGE_LOOP('',(#1396,#1397,#1403,#1404));
#1396 = ORIENTED_EDGE('',*,*,#1290,.T.);
#1397 = ORIENTED_EDGE('',*,*,#1398,.T.);
#1398 = EDGE_CURVE('',#1283,#1151,#1399,.T.);
#1399 = LINE('',#1400,#1401);
#1400 = CARTESIAN_POINT('',(0.8,0.7625,0.743994275378));
#1401 = VECTOR('',#1402,1.);
#1402 = DIRECTION('',(0.,1.,0.));
#1403 = ORIENTED_EDGE('',*,*,#1150,.F.);
#1404 = ORIENTED_EDGE('',*,*,#1381,.F.);
#1405 = PLANE('',#1406);
#1406 = AXIS2_PLACEMENT_3D('',#1407,#1408,#1409);
#1407 = CARTESIAN_POINT('',(0.8,0.7625,0.650244275378));
#1408 = DIRECTION('',(1.,0.,0.));
#1409 = DIRECTION('',(0.,0.,1.));
#1410 = ADVANCED_FACE('',(#1411),#1422,.T.);
#1411 = FACE_BOUND('',#1412,.T.);
#1412 = EDGE_LOOP('',(#1413,#1414,#1415,#1416));
#1413 = ORIENTED_EDGE('',*,*,#1265,.F.);
#1414 = ORIENTED_EDGE('',*,*,#1214,.T.);
#1415 = ORIENTED_EDGE('',*,*,#1175,.T.);
#1416 = ORIENTED_EDGE('',*,*,#1417,.F.);
#1417 = EDGE_CURVE('',#1266,#1167,#1418,.T.);
#1418 = LINE('',#1419,#1420);
#1419 = CARTESIAN_POINT('',(0.899539015152,0.7625,0.706616413068));
#1420 = VECTOR('',#1421,1.);
#1421 = DIRECTION('',(0.,1.,0.));
#1422 = PLANE('',#1423);
#1423 = AXIS2_PLACEMENT_3D('',#1424,#1425,#1426);
#1424 = CARTESIAN_POINT('',(1.041805664329,0.7625,1.899427537837E-02));
#1425 = DIRECTION('',(0.979260419507,0.,0.202605604036));
#1426 = DIRECTION('',(-0.202605604036,0.,0.979260419507));
#1427 = ADVANCED_FACE('',(#1428),#1439,.T.);
#1428 = FACE_BOUND('',#1429,.T.);
#1429 = EDGE_LOOP('',(#1430,#1431,#1432,#1433));
#1430 = ORIENTED_EDGE('',*,*,#1158,.F.);
#1431 = ORIENTED_EDGE('',*,*,#1398,.F.);
#1432 = ORIENTED_EDGE('',*,*,#1282,.T.);
#1433 = ORIENTED_EDGE('',*,*,#1434,.T.);
#1434 = EDGE_CURVE('',#1274,#1159,#1435,.T.);
#1435 = LINE('',#1436,#1437);
#1436 = CARTESIAN_POINT('',(0.853636182987,0.7625,0.743994275378));
#1437 = VECTOR('',#1438,1.);
#1438 = DIRECTION('',(0.,1.,0.));
#1439 = PLANE('',#1440);
#1440 = AXIS2_PLACEMENT_3D('',#1441,#1442,#1443);
#1441 = CARTESIAN_POINT('',(0.8,0.7625,0.743994275378));
#1442 = DIRECTION('',(0.,0.,1.));
#1443 = DIRECTION('',(1.,0.,-0.));
#1444 = ADVANCED_FACE('',(#1445),#1451,.T.);
#1445 = FACE_BOUND('',#1446,.T.);
#1446 = EDGE_LOOP('',(#1447,#1448,#1449,#1450));
#1447 = ORIENTED_EDGE('',*,*,#1417,.T.);
#1448 = ORIENTED_EDGE('',*,*,#1166,.T.);
#1449 = ORIENTED_EDGE('',*,*,#1434,.F.);
#1450 = ORIENTED_EDGE('',*,*,#1273,.F.);
#1451 = CYLINDRICAL_SURFACE('',#1452,4.6875E-02);
#1452 = AXIS2_PLACEMENT_3D('',#1453,#1454,#1455);
#1453 = CARTESIAN_POINT('',(0.853636182987,0.7625,0.697119275378));
#1454 = DIRECTION('',(0.,1.,0.));
#1455 = DIRECTION('',(0.979260419507,-0.,0.202605604036));
#1456 = MANIFOLD_SOLID_BREP('',#1457);
#1457 = CLOSED_SHELL('',(#1458,#1498,#1588,#1613,#1637,#1712,#1729,#1746
    ,#1763,#1780,#1797,#1814,#1831));
#1458 = ADVANCED_FACE('',(#1459),#1493,.T.);
#1459 = FACE_BOUND('',#1460,.T.);
#1460 = EDGE_LOOP('',(#1461,#1471,#1479,#1487));
#1461 = ORIENTED_EDGE('',*,*,#1462,.F.);
#1462 = EDGE_CURVE('',#1463,#1465,#1467,.T.);
#1463 = VERTEX_POINT('',#1464);
#1464 = CARTESIAN_POINT('',(-1.4,0.1875,9.375E-02));
#1465 = VERTEX_POINT('',#1466);
#1466 = CARTESIAN_POINT('',(-1.064508444024,0.1875,9.375E-02));
#1467 = LINE('',#1468,#1469);
#1468 = CARTESIAN_POINT('',(-1.4,0.1875,9.375E-02));
#1469 = VECTOR('',#1470,1.);
#1470 = DIRECTION('',(1.,0.,0.));
#1471 = ORIENTED_EDGE('',*,*,#1472,.F.);
#1472 = EDGE_CURVE('',#1473,#1463,#1475,.T.);
#1473 = VERTEX_POINT('',#1474);
#1474 = CARTESIAN_POINT('',(-1.4,-0.1875,9.375E-02));
#1475 = LINE('',#1476,#1477);
#1476 = CARTESIAN_POINT('',(-1.4,-0.1875,9.375E-02));
#1477 = VECTOR('',#1478,1.);
#1478 = DIRECTION('',(0.,1.,0.));
#1479 = ORIENTED_EDGE('',*,*,#1480,.T.);
#1480 = EDGE_CURVE('',#1473,#1481,#1483,.T.);
#1481 = VERTEX_POINT('',#1482);
#1482 = CARTESIAN_POINT('',(-1.064508444024,-0.1875,9.375E-02));
#1483 = LINE('',#1484,#1485);
#1484 = CARTESIAN_POINT('',(-1.4,-0.1875,9.375E-02));
#1485 = VECTOR('',#1486,1.);
#1486 = DIRECTION('',(1.,0.,0.));
#1487 = ORIENTED_EDGE('',*,*,#1488,.T.);
#1488 = EDGE_CURVE('',#1481,#1465,#1489,.T.);
#1489 = LINE('',#1490,#1491);
#1490 = CARTESIAN_POINT('',(-1.064508444024,-0.1875,9.375E-02));
#1491 = VECTOR('',#1492,1.);
#1492 = DIRECTION('',(0.,1.,0.));
#1493 = PLANE('',#1494);
#1494 = AXIS2_PLACEMENT_3D('',#1495,#1496,#1497);
#1495 = CARTESIAN_POINT('',(-1.4,-0.1875,9.375E-02));
#1496 = DIRECTION('',(0.,0.,1.));
#1497 = DIRECTION('',(1.,0.,-0.));
#1498 = ADVANCED_FACE('',(#1499),#1583,.T.);
#1499 = FACE_BOUND('',#1500,.T.);
#1500 = EDGE_LOOP('',(#1501,#1511,#1517,#1518,#1527,#1535,#1544,#1552,
    #1560,#1568,#1576));
#1501 = ORIENTED_EDGE('',*,*,#1502,.F.);
#1502 = EDGE_CURVE('',#1503,#1505,#1507,.T.);
#1503 = VERTEX_POINT('',#1504);
#1504 = CARTESIAN_POINT('',(-1.4,0.1875,0.));
#1505 = VERTEX_POINT('',#1506);
#1506 = CARTESIAN_POINT('',(-0.988169481341,0.1875,-6.938893903907E-18)
  );
#1507 = LINE('',#1508,#1509);
#1508 = CARTESIAN_POINT('',(-1.4,0.1875,0.));
#1509 = VECTOR('',#1510,1.);
#1510 = DIRECTION('',(1.,0.,0.));
#1511 = ORIENTED_EDGE('',*,*,#1512,.T.);
#1512 = EDGE_CURVE('',#1503,#1463,#1513,.T.);
#1513 = LINE('',#1514,#1515);
#1514 = CARTESIAN_POINT('',(-1.4,0.1875,0.));
#1515 = VECTOR('',#1516,1.);
#1516 = DIRECTION('',(0.,0.,1.));
#1517 = ORIENTED_EDGE('',*,*,#1462,.T.);
#1518 = ORIENTED_EDGE('',*,*,#1519,.T.);
#1519 = EDGE_CURVE('',#1465,#1520,#1522,.T.);
#1520 = VERTEX_POINT('',#1521);
#1521 = CARTESIAN_POINT('',(-1.01860561186,0.1875,0.131127862311));
#1522 = CIRCLE('',#1523,4.6875E-02);
#1523 = AXIS2_PLACEMENT_3D('',#1524,#1525,#1526);
#1524 = CARTESIAN_POINT('',(-1.064508444024,0.1875,0.140625));
#1525 = DIRECTION('',(0.,-1.,0.));
#1526 = DIRECTION('',(0.,0.,1.));
#1527 = ORIENTED_EDGE('',*,*,#1528,.T.);
#1528 = EDGE_CURVE('',#1520,#1529,#1531,.T.);
#1529 = VERTEX_POINT('',#1530);
#1530 = CARTESIAN_POINT('',(-0.899539015152,0.1875,0.706616413068));
#1531 = LINE('',#1532,#1533);
#1532 = CARTESIAN_POINT('',(-1.041805664329,0.1875,1.899427537837E-02));
#1533 = VECTOR('',#1534,1.);
#1534 = DIRECTION('',(0.202605604036,0.,0.979260419507));
#1535 = ORIENTED_EDGE('',*,*,#1536,.T.);
#1536 = EDGE_CURVE('',#1529,#1537,#1539,.T.);
#1537 = VERTEX_POINT('',#1538);
#1538 = CARTESIAN_POINT('',(-0.853636182987,0.1875,0.743994275378));
#1539 = CIRCLE('',#1540,4.6875E-02);
#1540 = AXIS2_PLACEMENT_3D('',#1541,#1542,#1543);
#1541 = CARTESIAN_POINT('',(-0.853636182987,0.1875,0.697119275378));
#1542 = DIRECTION('',(0.,1.,0.));
#1543 = DIRECTION('',(0.,-0.,1.));
#1544 = ORIENTED_EDGE('',*,*,#1545,.T.);
#1545 = EDGE_CURVE('',#1537,#1546,#1548,.T.);
#1546 = VERTEX_POINT('',#1547);
#1547 = CARTESIAN_POINT('',(-0.8,0.1875,0.743994275378));
#1548 = LINE('',#1549,#1550);
#1549 = CARTESIAN_POINT('',(-0.891805664329,0.1875,0.743994275378));
#1550 = VECTOR('',#1551,1.);
#1551 = DIRECTION('',(1.,0.,0.));
#1552 = ORIENTED_EDGE('',*,*,#1553,.F.);
#1553 = EDGE_CURVE('',#1554,#1546,#1556,.T.);
#1554 = VERTEX_POINT('',#1555);
#1555 = CARTESIAN_POINT('',(-0.8,0.1875,0.650244275378));
#1556 = LINE('',#1557,#1558);
#1557 = CARTESIAN_POINT('',(-0.8,0.1875,0.650244275378));
#1558 = VECTOR('',#1559,1.);
#1559 = DIRECTION('',(0.,0.,1.));
#1560 = ORIENTED_EDGE('',*,*,#1561,.F.);
#1561 = EDGE_CURVE('',#1562,#1554,#1564,.T.);
#1562 = VERTEX_POINT('',#1563);
#1563 = CARTESIAN_POINT('',(-0.815466701646,0.1875,0.650244275378));
#1564 = LINE('',#1565,#1566);
#1565 = CARTESIAN_POINT('',(-0.891805664329,0.1875,0.650244275378));
#1566 = VECTOR('',#1567,1.);
#1567 = DIRECTION('',(1.,0.,0.));
#1568 = ORIENTED_EDGE('',*,*,#1569,.F.);
#1569 = EDGE_CURVE('',#1570,#1562,#1572,.T.);
#1570 = VERTEX_POINT('',#1571);
#1571 = CARTESIAN_POINT('',(-0.942266649177,0.1875,3.737786231081E-02));
#1572 = LINE('',#1573,#1574);
#1573 = CARTESIAN_POINT('',(-0.95,0.1875,-6.938893903907E-18));
#1574 = VECTOR('',#1575,1.);
#1575 = DIRECTION('',(0.202605604036,0.,0.979260419507));
#1576 = ORIENTED_EDGE('',*,*,#1577,.F.);
#1577 = EDGE_CURVE('',#1505,#1570,#1578,.T.);
#1578 = CIRCLE('',#1579,4.6875E-02);
#1579 = AXIS2_PLACEMENT_3D('',#1580,#1581,#1582);
#1580 = CARTESIAN_POINT('',(-0.988169481341,0.1875,4.6875E-02));
#1581 = DIRECTION('',(0.,-1.,0.));
#1582 = DIRECTION('',(0.,0.,1.));
#1583 = PLANE('',#1584);
#1584 = AXIS2_PLACEMENT_3D('',#1585,#1586,#1587);
#1585 = CARTESIAN_POINT('',(-1.022476876345,0.1875,0.276792898763));
#1586 = DIRECTION('',(3.026748408068E-30,1.,-1.194885526208E-30));
#1587 = DIRECTION('',(1.,-3.026748408068E-30,0.));
#1588 = ADVANCED_FACE('',(#1589),#1608,.F.);
#1589 = FACE_BOUND('',#1590,.F.);
#1590 = EDGE_LOOP('',(#1591,#1592,#1593,#1601));
#1591 = ORIENTED_EDGE('',*,*,#1488,.T.);
#1592 = ORIENTED_EDGE('',*,*,#1519,.T.);
#1593 = ORIENTED_EDGE('',*,*,#1594,.F.);
#1594 = EDGE_CURVE('',#1595,#1520,#1597,.T.);
#1595 = VERTEX_POINT('',#1596);
#1596 = CARTESIAN_POINT('',(-1.01860561186,-0.1875,0.131127862311));
#1597 = LINE('',#1598,#1599);
#1598 = CARTESIAN_POINT('',(-1.01860561186,-0.1875,0.131127862311));
#1599 = VECTOR('',#1600,1.);
#1600 = DIRECTION('',(0.,1.,0.));
#1601 = ORIENTED_EDGE('',*,*,#1602,.F.);
#1602 = EDGE_CURVE('',#1481,#1595,#1603,.T.);
#1603 = CIRCLE('',#1604,4.6875E-02);
#1604 = AXIS2_PLACEMENT_3D('',#1605,#1606,#1607);
#1605 = CARTESIAN_POINT('',(-1.064508444024,-0.1875,0.140625));
#1606 = DIRECTION('',(0.,-1.,0.));
#1607 = DIRECTION('',(0.,0.,1.));
#1608 = CYLINDRICAL_SURFACE('',#1609,4.6875E-02);
#1609 = AXIS2_PLACEMENT_3D('',#1610,#1611,#1612);
#1610 = CARTESIAN_POINT('',(-1.064508444024,-0.1875,0.140625));
#1611 = DIRECTION('',(0.,1.,0.));
#1612 = DIRECTION('',(0.,0.,-1.));
#1613 = ADVANCED_FACE('',(#1614),#1632,.F.);
#1614 = FACE_BOUND('',#1615,.F.);
#1615 = EDGE_LOOP('',(#1616,#1624,#1630,#1631));
#1616 = ORIENTED_EDGE('',*,*,#1617,.F.);
#1617 = EDGE_CURVE('',#1618,#1473,#1620,.T.);
#1618 = VERTEX_POINT('',#1619);
#1619 = CARTESIAN_POINT('',(-1.4,-0.1875,0.));
#1620 = LINE('',#1621,#1622);
#1621 = CARTESIAN_POINT('',(-1.4,-0.1875,0.));
#1622 = VECTOR('',#1623,1.);
#1623 = DIRECTION('',(0.,0.,1.));
#1624 = ORIENTED_EDGE('',*,*,#1625,.T.);
#1625 = EDGE_CURVE('',#1618,#1503,#1626,.T.);
#1626 = LINE('',#1627,#1628);
#1627 = CARTESIAN_POINT('',(-1.4,-0.1875,0.));
#1628 = VECTOR('',#1629,1.);
#1629 = DIRECTION('',(0.,1.,0.));
#1630 = ORIENTED_EDGE('',*,*,#1512,.T.);
#1631 = ORIENTED_EDGE('',*,*,#1472,.F.);
#1632 = PLANE('',#1633);
#1633 = AXIS2_PLACEMENT_3D('',#1634,#1635,#1636);
#1634 = CARTESIAN_POINT('',(-1.4,-0.1875,0.));
#1635 = DIRECTION('',(1.,0.,0.));
#1636 = DIRECTION('',(0.,0.,1.));
#1637 = ADVANCED_FACE('',(#1638),#1707,.T.);
#1638 = FACE_BOUND('',#1639,.T.);
#1639 = EDGE_LOOP('',(#1640,#1648,#1657,#1665,#1673,#1681,#1689,#1698,
    #1704,#1705,#1706));
#1640 = ORIENTED_EDGE('',*,*,#1641,.T.);
#1641 = EDGE_CURVE('',#1618,#1642,#1644,.T.);
#1642 = VERTEX_POINT('',#1643);
#1643 = CARTESIAN_POINT('',(-0.988169481341,-0.1875,-6.938893903907E-18)
  );
#1644 = LINE('',#1645,#1646);
#1645 = CARTESIAN_POINT('',(-1.4,-0.1875,0.));
#1646 = VECTOR('',#1647,1.);
#1647 = DIRECTION('',(1.,0.,0.));
#1648 = ORIENTED_EDGE('',*,*,#1649,.T.);
#1649 = EDGE_CURVE('',#1642,#1650,#1652,.T.);
#1650 = VERTEX_POINT('',#1651);
#1651 = CARTESIAN_POINT('',(-0.942266649177,-0.1875,3.737786231081E-02)
  );
#1652 = CIRCLE('',#1653,4.6875E-02);
#1653 = AXIS2_PLACEMENT_3D('',#1654,#1655,#1656);
#1654 = CARTESIAN_POINT('',(-0.988169481341,-0.1875,4.6875E-02));
#1655 = DIRECTION('',(0.,-1.,0.));
#1656 = DIRECTION('',(0.,0.,1.));
#1657 = ORIENTED_EDGE('',*,*,#1658,.T.);
#1658 = EDGE_CURVE('',#1650,#1659,#1661,.T.);
#1659 = VERTEX_POINT('',#1660);
#1660 = CARTESIAN_POINT('',(-0.815466701646,-0.1875,0.650244275378));
#1661 = LINE('',#1662,#1663);
#1662 = CARTESIAN_POINT('',(-0.95,-0.1875,-6.938893903907E-18));
#1663 = VECTOR('',#1664,1.);
#1664 = DIRECTION('',(0.202605604036,0.,0.979260419507));
#1665 = ORIENTED_EDGE('',*,*,#1666,.T.);
#1666 = EDGE_CURVE('',#1659,#1667,#1669,.T.);
#1667 = VERTEX_POINT('',#1668);
#1668 = CARTESIAN_POINT('',(-0.8,-0.1875,0.650244275378));
#1669 = LINE('',#1670,#1671);
#1670 = CARTESIAN_POINT('',(-0.891805664329,-0.1875,0.650244275378));
#1671 = VECTOR('',#1672,1.);
#1672 = DIRECTION('',(1.,0.,0.));
#1673 = ORIENTED_EDGE('',*,*,#1674,.T.);
#1674 = EDGE_CURVE('',#1667,#1675,#1677,.T.);
#1675 = VERTEX_POINT('',#1676);
#1676 = CARTESIAN_POINT('',(-0.8,-0.1875,0.743994275378));
#1677 = LINE('',#1678,#1679);
#1678 = CARTESIAN_POINT('',(-0.8,-0.1875,0.650244275378));
#1679 = VECTOR('',#1680,1.);
#1680 = DIRECTION('',(0.,0.,1.));
#1681 = ORIENTED_EDGE('',*,*,#1682,.F.);
#1682 = EDGE_CURVE('',#1683,#1675,#1685,.T.);
#1683 = VERTEX_POINT('',#1684);
#1684 = CARTESIAN_POINT('',(-0.853636182987,-0.1875,0.743994275378));
#1685 = LINE('',#1686,#1687);
#1686 = CARTESIAN_POINT('',(-0.891805664329,-0.1875,0.743994275378));
#1687 = VECTOR('',#1688,1.);
#1688 = DIRECTION('',(1.,0.,0.));
#1689 = ORIENTED_EDGE('',*,*,#1690,.F.);
#1690 = EDGE_CURVE('',#1691,#1683,#1693,.T.);
#1691 = VERTEX_POINT('',#1692);
#1692 = CARTESIAN_POINT('',(-0.899539015152,-0.1875,0.706616413068));
#1693 = CIRCLE('',#1694,4.6875E-02);
#1694 = AXIS2_PLACEMENT_3D('',#1695,#1696,#1697);
#1695 = CARTESIAN_POINT('',(-0.853636182987,-0.1875,0.697119275378));
#1696 = DIRECTION('',(0.,1.,0.));
#1697 = DIRECTION('',(0.,-0.,1.));
#1698 = ORIENTED_EDGE('',*,*,#1699,.F.);
#1699 = EDGE_CURVE('',#1595,#1691,#1700,.T.);
#1700 = LINE('',#1701,#1702);
#1701 = CARTESIAN_POINT('',(-1.041805664329,-0.1875,1.899427537837E-02)
  );
#1702 = VECTOR('',#1703,1.);
#1703 = DIRECTION('',(0.202605604036,0.,0.979260419507));
#1704 = ORIENTED_EDGE('',*,*,#1602,.F.);
#1705 = ORIENTED_EDGE('',*,*,#1480,.F.);
#1706 = ORIENTED_EDGE('',*,*,#1617,.F.);
#1707 = PLANE('',#1708);
#1708 = AXIS2_PLACEMENT_3D('',#1709,#1710,#1711);
#1709 = CARTESIAN_POINT('',(-1.022476876345,-0.1875,0.276792898763));
#1710 = DIRECTION('',(-0.,-1.,-0.));
#1711 = DIRECTION('',(0.,0.,-1.));
#1712 = ADVANCED_FACE('',(#1713),#1724,.F.);
#1713 = FACE_BOUND('',#1714,.F.);
#1714 = EDGE_LOOP('',(#1715,#1716,#1717,#1718));
#1715 = ORIENTED_EDGE('',*,*,#1502,.F.);
#1716 = ORIENTED_EDGE('',*,*,#1625,.F.);
#1717 = ORIENTED_EDGE('',*,*,#1641,.T.);
#1718 = ORIENTED_EDGE('',*,*,#1719,.T.);
#1719 = EDGE_CURVE('',#1642,#1505,#1720,.T.);
#1720 = LINE('',#1721,#1722);
#1721 = CARTESIAN_POINT('',(-0.988169481341,-0.1875,-6.938893903907E-18)
  );
#1722 = VECTOR('',#1723,1.);
#1723 = DIRECTION('',(0.,1.,0.));
#1724 = PLANE('',#1725);
#1725 = AXIS2_PLACEMENT_3D('',#1726,#1727,#1728);
#1726 = CARTESIAN_POINT('',(-1.4,-0.1875,0.));
#1727 = DIRECTION('',(0.,0.,1.));
#1728 = DIRECTION('',(1.,0.,-0.));
#1729 = ADVANCED_FACE('',(#1730),#1741,.T.);
#1730 = FACE_BOUND('',#1731,.T.);
#1731 = EDGE_LOOP('',(#1732,#1733,#1734,#1740));
#1732 = ORIENTED_EDGE('',*,*,#1719,.T.);
#1733 = ORIENTED_EDGE('',*,*,#1577,.T.);
#1734 = ORIENTED_EDGE('',*,*,#1735,.F.);
#1735 = EDGE_CURVE('',#1650,#1570,#1736,.T.);
#1736 = LINE('',#1737,#1738);
#1737 = CARTESIAN_POINT('',(-0.942266649177,-0.1875,3.737786231081E-02)
  );
#1738 = VECTOR('',#1739,1.);
#1739 = DIRECTION('',(0.,1.,0.));
#1740 = ORIENTED_EDGE('',*,*,#1649,.F.);
#1741 = CYLINDRICAL_SURFACE('',#1742,4.6875E-02);
#1742 = AXIS2_PLACEMENT_3D('',#1743,#1744,#1745);
#1743 = CARTESIAN_POINT('',(-0.988169481341,-0.1875,4.6875E-02));
#1744 = DIRECTION('',(0.,1.,0.));
#1745 = DIRECTION('',(0.,0.,-1.));
#1746 = ADVANCED_FACE('',(#1747),#1758,.T.);
#1747 = FACE_BOUND('',#1748,.T.);
#1748 = EDGE_LOOP('',(#1749,#1750,#1751,#1752));
#1749 = ORIENTED_EDGE('',*,*,#1658,.F.);
#1750 = ORIENTED_EDGE('',*,*,#1735,.T.);
#1751 = ORIENTED_EDGE('',*,*,#1569,.T.);
#1752 = ORIENTED_EDGE('',*,*,#1753,.F.);
#1753 = EDGE_CURVE('',#1659,#1562,#1754,.T.);
#1754 = LINE('',#1755,#1756);
#1755 = CARTESIAN_POINT('',(-0.815466701646,-0.1875,0.650244275378));
#1756 = VECTOR('',#1757,1.);
#1757 = DIRECTION('',(0.,1.,0.));
#1758 = PLANE('',#1759);
#1759 = AXIS2_PLACEMENT_3D('',#1760,#1761,#1762);
#1760 = CARTESIAN_POINT('',(-0.95,-0.1875,-6.938893903907E-18));
#1761 = DIRECTION('',(0.979260419507,0.,-0.202605604036));
#1762 = DIRECTION('',(0.202605604036,0.,0.979260419507));
#1763 = ADVANCED_FACE('',(#1764),#1775,.F.);
#1764 = FACE_BOUND('',#1765,.F.);
#1765 = EDGE_LOOP('',(#1766,#1767,#1768,#1769));
#1766 = ORIENTED_EDGE('',*,*,#1561,.F.);
#1767 = ORIENTED_EDGE('',*,*,#1753,.F.);
#1768 = ORIENTED_EDGE('',*,*,#1666,.T.);
#1769 = ORIENTED_EDGE('',*,*,#1770,.T.);
#1770 = EDGE_CURVE('',#1667,#1554,#1771,.T.);
#1771 = LINE('',#1772,#1773);
#1772 = CARTESIAN_POINT('',(-0.8,-0.1875,0.650244275378));
#1773 = VECTOR('',#1774,1.);
#1774 = DIRECTION('',(0.,1.,0.));
#1775 = PLANE('',#1776);
#1776 = AXIS2_PLACEMENT_3D('',#1777,#1778,#1779);
#1777 = CARTESIAN_POINT('',(-0.891805664329,-0.1875,0.650244275378));
#1778 = DIRECTION('',(0.,0.,1.));
#1779 = DIRECTION('',(1.,0.,-0.));
#1780 = ADVANCED_FACE('',(#1781),#1792,.T.);
#1781 = FACE_BOUND('',#1782,.T.);
#1782 = EDGE_LOOP('',(#1783,#1784,#1785,#1786));
#1783 = ORIENTED_EDGE('',*,*,#1674,.F.);
#1784 = ORIENTED_EDGE('',*,*,#1770,.T.);
#1785 = ORIENTED_EDGE('',*,*,#1553,.T.);
#1786 = ORIENTED_EDGE('',*,*,#1787,.F.);
#1787 = EDGE_CURVE('',#1675,#1546,#1788,.T.);
#1788 = LINE('',#1789,#1790);
#1789 = CARTESIAN_POINT('',(-0.8,-0.1875,0.743994275378));
#1790 = VECTOR('',#1791,1.);
#1791 = DIRECTION('',(0.,1.,0.));
#1792 = PLANE('',#1793);
#1793 = AXIS2_PLACEMENT_3D('',#1794,#1795,#1796);
#1794 = CARTESIAN_POINT('',(-0.8,-0.1875,0.650244275378));
#1795 = DIRECTION('',(1.,0.,0.));
#1796 = DIRECTION('',(0.,0.,1.));
#1797 = ADVANCED_FACE('',(#1798),#1809,.F.);
#1798 = FACE_BOUND('',#1799,.F.);
#1799 = EDGE_LOOP('',(#1800,#1801,#1802,#1803));
#1800 = ORIENTED_EDGE('',*,*,#1699,.F.);
#1801 = ORIENTED_EDGE('',*,*,#1594,.T.);
#1802 = ORIENTED_EDGE('',*,*,#1528,.T.);
#1803 = ORIENTED_EDGE('',*,*,#1804,.F.);
#1804 = EDGE_CURVE('',#1691,#1529,#1805,.T.);
#1805 = LINE('',#1806,#1807);
#1806 = CARTESIAN_POINT('',(-0.899539015152,-0.1875,0.706616413068));
#1807 = VECTOR('',#1808,1.);
#1808 = DIRECTION('',(0.,1.,0.));
#1809 = PLANE('',#1810);
#1810 = AXIS2_PLACEMENT_3D('',#1811,#1812,#1813);
#1811 = CARTESIAN_POINT('',(-1.041805664329,-0.1875,1.899427537837E-02)
  );
#1812 = DIRECTION('',(0.979260419507,0.,-0.202605604036));
#1813 = DIRECTION('',(0.202605604036,0.,0.979260419507));
#1814 = ADVANCED_FACE('',(#1815),#1826,.T.);
#1815 = FACE_BOUND('',#1816,.T.);
#1816 = EDGE_LOOP('',(#1817,#1818,#1819,#1820));
#1817 = ORIENTED_EDGE('',*,*,#1682,.T.);
#1818 = ORIENTED_EDGE('',*,*,#1787,.T.);
#1819 = ORIENTED_EDGE('',*,*,#1545,.F.);
#1820 = ORIENTED_EDGE('',*,*,#1821,.F.);
#1821 = EDGE_CURVE('',#1683,#1537,#1822,.T.);
#1822 = LINE('',#1823,#1824);
#1823 = CARTESIAN_POINT('',(-0.853636182987,-0.1875,0.743994275378));
#1824 = VECTOR('',#1825,1.);
#1825 = DIRECTION('',(0.,1.,0.));
#1826 = PLANE('',#1827);
#1827 = AXIS2_PLACEMENT_3D('',#1828,#1829,#1830);
#1828 = CARTESIAN_POINT('',(-0.891805664329,-0.1875,0.743994275378));
#1829 = DIRECTION('',(0.,0.,1.));
#1830 = DIRECTION('',(1.,0.,-0.));
#1831 = ADVANCED_FACE('',(#1832),#1838,.T.);
#1832 = FACE_BOUND('',#1833,.T.);
#1833 = EDGE_LOOP('',(#1834,#1835,#1836,#1837));
#1834 = ORIENTED_EDGE('',*,*,#1690,.T.);
#1835 = ORIENTED_EDGE('',*,*,#1821,.T.);
#1836 = ORIENTED_EDGE('',*,*,#1536,.F.);
#1837 = ORIENTED_EDGE('',*,*,#1804,.F.);
#1838 = CYLINDRICAL_SURFACE('',#1839,4.6875E-02);
#1839 = AXIS2_PLACEMENT_3D('',#1840,#1841,#1842);
#1840 = CARTESIAN_POINT('',(-0.853636182987,-0.1875,0.697119275378));
#1841 = DIRECTION('',(0.,1.,0.));
#1842 = DIRECTION('',(-0.979260419507,0.,0.202605604036));
#1843 = MANIFOLD_SOLID_BREP('',#1844);
#1844 = CLOSED_SHELL('',(#1845,#1885,#1975,#2000,#2024,#2099,#2116,#2133
    ,#2150,#2167,#2184,#2201,#2218));
#1845 = ADVANCED_FACE('',(#1846),#1880,.T.);
#1846 = FACE_BOUND('',#1847,.T.);
#1847 = EDGE_LOOP('',(#1848,#1858,#1866,#1874));
#1848 = ORIENTED_EDGE('',*,*,#1849,.F.);
#1849 = EDGE_CURVE('',#1850,#1852,#1854,.T.);
#1850 = VERTEX_POINT('',#1851);
#1851 = CARTESIAN_POINT('',(1.064508444024,0.1875,9.375E-02));
#1852 = VERTEX_POINT('',#1853);
#1853 = CARTESIAN_POINT('',(1.4,0.1875,9.375E-02));
#1854 = LINE('',#1855,#1856);
#1855 = CARTESIAN_POINT('',(0.95,0.1875,9.375E-02));
#1856 = VECTOR('',#1857,1.);
#1857 = DIRECTION('',(1.,0.,0.));
#1858 = ORIENTED_EDGE('',*,*,#1859,.F.);
#1859 = EDGE_CURVE('',#1860,#1850,#1862,.T.);
#1860 = VERTEX_POINT('',#1861);
#1861 = CARTESIAN_POINT('',(1.064508444024,-0.1875,9.375E-02));
#1862 = LINE('',#1863,#1864);
#1863 = CARTESIAN_POINT('',(1.064508444024,-0.1875,9.375E-02));
#1864 = VECTOR('',#1865,1.);
#1865 = DIRECTION('',(0.,1.,0.));
#1866 = ORIENTED_EDGE('',*,*,#1867,.T.);
#1867 = EDGE_CURVE('',#1860,#1868,#1870,.T.);
#1868 = VERTEX_POINT('',#1869);
#1869 = CARTESIAN_POINT('',(1.4,-0.1875,9.375E-02));
#1870 = LINE('',#1871,#1872);
#1871 = CARTESIAN_POINT('',(0.95,-0.1875,9.375E-02));
#1872 = VECTOR('',#1873,1.);
#1873 = DIRECTION('',(1.,0.,0.));
#1874 = ORIENTED_EDGE('',*,*,#1875,.T.);
#1875 = EDGE_CURVE('',#1868,#1852,#1876,.T.);
#1876 = LINE('',#1877,#1878);
#1877 = CARTESIAN_POINT('',(1.4,-0.1875,9.375E-02));
#1878 = VECTOR('',#1879,1.);
#1879 = DIRECTION('',(0.,1.,0.));
#1880 = PLANE('',#1881);
#1881 = AXIS2_PLACEMENT_3D('',#1882,#1883,#1884);
#1882 = CARTESIAN_POINT('',(0.95,-0.1875,9.375E-02));
#1883 = DIRECTION('',(0.,0.,1.));
#1884 = DIRECTION('',(1.,0.,-0.));
#1885 = ADVANCED_FACE('',(#1886),#1970,.T.);
#1886 = FACE_BOUND('',#1887,.T.);
#1887 = EDGE_LOOP('',(#1888,#1898,#1907,#1915,#1923,#1931,#1939,#1948,
    #1956,#1963,#1964));
#1888 = ORIENTED_EDGE('',*,*,#1889,.F.);
#1889 = EDGE_CURVE('',#1890,#1892,#1894,.T.);
#1890 = VERTEX_POINT('',#1891);
#1891 = CARTESIAN_POINT('',(0.988169481341,0.1875,-6.938893903907E-18));
#1892 = VERTEX_POINT('',#1893);
#1893 = CARTESIAN_POINT('',(1.4,0.1875,0.));
#1894 = LINE('',#1895,#1896);
#1895 = CARTESIAN_POINT('',(0.95,0.1875,0.));
#1896 = VECTOR('',#1897,1.);
#1897 = DIRECTION('',(1.,0.,0.));
#1898 = ORIENTED_EDGE('',*,*,#1899,.T.);
#1899 = EDGE_CURVE('',#1890,#1900,#1902,.T.);
#1900 = VERTEX_POINT('',#1901);
#1901 = CARTESIAN_POINT('',(0.942266649177,0.1875,3.737786231081E-02));
#1902 = CIRCLE('',#1903,4.6875E-02);
#1903 = AXIS2_PLACEMENT_3D('',#1904,#1905,#1906);
#1904 = CARTESIAN_POINT('',(0.988169481341,0.1875,4.6875E-02));
#1905 = DIRECTION('',(0.,1.,0.));
#1906 = DIRECTION('',(0.,-0.,1.));
#1907 = ORIENTED_EDGE('',*,*,#1908,.T.);
#1908 = EDGE_CURVE('',#1900,#1909,#1911,.T.);
#1909 = VERTEX_POINT('',#1910);
#1910 = CARTESIAN_POINT('',(0.815466701646,0.1875,0.650244275378));
#1911 = LINE('',#1912,#1913);
#1912 = CARTESIAN_POINT('',(0.95,0.1875,0.));
#1913 = VECTOR('',#1914,1.);
#1914 = DIRECTION('',(-0.202605604036,0.,0.979260419507));
#1915 = ORIENTED_EDGE('',*,*,#1916,.F.);
#1916 = EDGE_CURVE('',#1917,#1909,#1919,.T.);
#1917 = VERTEX_POINT('',#1918);
#1918 = CARTESIAN_POINT('',(0.8,0.1875,0.650244275378));
#1919 = LINE('',#1920,#1921);
#1920 = CARTESIAN_POINT('',(0.8,0.1875,0.650244275378));
#1921 = VECTOR('',#1922,1.);
#1922 = DIRECTION('',(1.,0.,0.));
#1923 = ORIENTED_EDGE('',*,*,#1924,.T.);
#1924 = EDGE_CURVE('',#1917,#1925,#1927,.T.);
#1925 = VERTEX_POINT('',#1926);
#1926 = CARTESIAN_POINT('',(0.8,0.1875,0.743994275378));
#1927 = LINE('',#1928,#1929);
#1928 = CARTESIAN_POINT('',(0.8,0.1875,0.650244275378));
#1929 = VECTOR('',#1930,1.);
#1930 = DIRECTION('',(0.,0.,1.));
#1931 = ORIENTED_EDGE('',*,*,#1932,.T.);
#1932 = EDGE_CURVE('',#1925,#1933,#1935,.T.);
#1933 = VERTEX_POINT('',#1934);
#1934 = CARTESIAN_POINT('',(0.853636182987,0.1875,0.743994275378));
#1935 = LINE('',#1936,#1937);
#1936 = CARTESIAN_POINT('',(0.8,0.1875,0.743994275378));
#1937 = VECTOR('',#1938,1.);
#1938 = DIRECTION('',(1.,0.,0.));
#1939 = ORIENTED_EDGE('',*,*,#1940,.F.);
#1940 = EDGE_CURVE('',#1941,#1933,#1943,.T.);
#1941 = VERTEX_POINT('',#1942);
#1942 = CARTESIAN_POINT('',(0.899539015152,0.1875,0.706616413068));
#1943 = CIRCLE('',#1944,4.6875E-02);
#1944 = AXIS2_PLACEMENT_3D('',#1945,#1946,#1947);
#1945 = CARTESIAN_POINT('',(0.853636182987,0.1875,0.697119275378));
#1946 = DIRECTION('',(0.,-1.,0.));
#1947 = DIRECTION('',(0.,0.,1.));
#1948 = ORIENTED_EDGE('',*,*,#1949,.F.);
#1949 = EDGE_CURVE('',#1950,#1941,#1952,.T.);
#1950 = VERTEX_POINT('',#1951);
#1951 = CARTESIAN_POINT('',(1.01860561186,0.1875,0.131127862311));
#1952 = LINE('',#1953,#1954);
#1953 = CARTESIAN_POINT('',(1.041805664329,0.1875,1.899427537837E-02));
#1954 = VECTOR('',#1955,1.);
#1955 = DIRECTION('',(-0.202605604036,0.,0.979260419507));
#1956 = ORIENTED_EDGE('',*,*,#1957,.F.);
#1957 = EDGE_CURVE('',#1850,#1950,#1958,.T.);
#1958 = CIRCLE('',#1959,4.6875E-02);
#1959 = AXIS2_PLACEMENT_3D('',#1960,#1961,#1962);
#1960 = CARTESIAN_POINT('',(1.064508444024,0.1875,0.140625));
#1961 = DIRECTION('',(0.,1.,0.));
#1962 = DIRECTION('',(0.,-0.,1.));
#1963 = ORIENTED_EDGE('',*,*,#1849,.T.);
#1964 = ORIENTED_EDGE('',*,*,#1965,.F.);
#1965 = EDGE_CURVE('',#1892,#1852,#1966,.T.);
#1966 = LINE('',#1967,#1968);
#1967 = CARTESIAN_POINT('',(1.4,0.1875,0.));
#1968 = VECTOR('',#1969,1.);
#1969 = DIRECTION('',(0.,0.,1.));
#1970 = PLANE('',#1971);
#1971 = AXIS2_PLACEMENT_3D('',#1972,#1973,#1974);
#1972 = CARTESIAN_POINT('',(1.022476876345,0.1875,0.276792898763));
#1973 = DIRECTION('',(5.719538977484E-31,1.,8.150204619526E-32));
#1974 = DIRECTION('',(1.,-5.719538977484E-31,0.));
#1975 = ADVANCED_FACE('',(#1976),#1995,.F.);
#1976 = FACE_BOUND('',#1977,.F.);
#1977 = EDGE_LOOP('',(#1978,#1987,#1993,#1994));
#1978 = ORIENTED_EDGE('',*,*,#1979,.T.);
#1979 = EDGE_CURVE('',#1860,#1980,#1982,.T.);
#1980 = VERTEX_POINT('',#1981);
#1981 = CARTESIAN_POINT('',(1.01860561186,-0.1875,0.131127862311));
#1982 = CIRCLE('',#1983,4.6875E-02);
#1983 = AXIS2_PLACEMENT_3D('',#1984,#1985,#1986);
#1984 = CARTESIAN_POINT('',(1.064508444024,-0.1875,0.140625));
#1985 = DIRECTION('',(0.,1.,0.));
#1986 = DIRECTION('',(0.,-0.,1.));
#1987 = ORIENTED_EDGE('',*,*,#1988,.T.);
#1988 = EDGE_CURVE('',#1980,#1950,#1989,.T.);
#1989 = LINE('',#1990,#1991);
#1990 = CARTESIAN_POINT('',(1.01860561186,-0.1875,0.131127862311));
#1991 = VECTOR('',#1992,1.);
#1992 = DIRECTION('',(0.,1.,0.));
#1993 = ORIENTED_EDGE('',*,*,#1957,.F.);
#1994 = ORIENTED_EDGE('',*,*,#1859,.F.);
#1995 = CYLINDRICAL_SURFACE('',#1996,4.6875E-02);
#1996 = AXIS2_PLACEMENT_3D('',#1997,#1998,#1999);
#1997 = CARTESIAN_POINT('',(1.064508444024,-0.1875,0.140625));
#1998 = DIRECTION('',(0.,1.,0.));
#1999 = DIRECTION('',(0.,0.,-1.));
#2000 = ADVANCED_FACE('',(#2001),#2019,.T.);
#2001 = FACE_BOUND('',#2002,.T.);
#2002 = EDGE_LOOP('',(#2003,#2011,#2017,#2018));
#2003 = ORIENTED_EDGE('',*,*,#2004,.F.);
#2004 = EDGE_CURVE('',#2005,#1868,#2007,.T.);
#2005 = VERTEX_POINT('',#2006);
#2006 = CARTESIAN_POINT('',(1.4,-0.1875,0.));
#2007 = LINE('',#2008,#2009);
#2008 = CARTESIAN_POINT('',(1.4,-0.1875,0.));
#2009 = VECTOR('',#2010,1.);
#2010 = DIRECTION('',(0.,0.,1.));
#2011 = ORIENTED_EDGE('',*,*,#2012,.T.);
#2012 = EDGE_CURVE('',#2005,#1892,#2013,.T.);
#2013 = LINE('',#2014,#2015);
#2014 = CARTESIAN_POINT('',(1.4,-0.1875,0.));
#2015 = VECTOR('',#2016,1.);
#2016 = DIRECTION('',(0.,1.,0.));
#2017 = ORIENTED_EDGE('',*,*,#1965,.T.);
#2018 = ORIENTED_EDGE('',*,*,#1875,.F.);
#2019 = PLANE('',#2020);
#2020 = AXIS2_PLACEMENT_3D('',#2021,#2022,#2023);
#2021 = CARTESIAN_POINT('',(1.4,-0.1875,0.));
#2022 = DIRECTION('',(1.,0.,0.));
#2023 = DIRECTION('',(0.,0.,1.));
#2024 = ADVANCED_FACE('',(#2025),#2094,.T.);
#2025 = FACE_BOUND('',#2026,.T.);
#2026 = EDGE_LOOP('',(#2027,#2035,#2036,#2037,#2038,#2046,#2055,#2063,
    #2071,#2079,#2087));
#2027 = ORIENTED_EDGE('',*,*,#2028,.T.);
#2028 = EDGE_CURVE('',#2029,#2005,#2031,.T.);
#2029 = VERTEX_POINT('',#2030);
#2030 = CARTESIAN_POINT('',(0.988169481341,-0.1875,-6.938893903907E-18)
  );
#2031 = LINE('',#2032,#2033);
#2032 = CARTESIAN_POINT('',(0.95,-0.1875,0.));
#2033 = VECTOR('',#2034,1.);
#2034 = DIRECTION('',(1.,0.,0.));
#2035 = ORIENTED_EDGE('',*,*,#2004,.T.);
#2036 = ORIENTED_EDGE('',*,*,#1867,.F.);
#2037 = ORIENTED_EDGE('',*,*,#1979,.T.);
#2038 = ORIENTED_EDGE('',*,*,#2039,.T.);
#2039 = EDGE_CURVE('',#1980,#2040,#2042,.T.);
#2040 = VERTEX_POINT('',#2041);
#2041 = CARTESIAN_POINT('',(0.899539015152,-0.1875,0.706616413068));
#2042 = LINE('',#2043,#2044);
#2043 = CARTESIAN_POINT('',(1.041805664329,-0.1875,1.899427537837E-02));
#2044 = VECTOR('',#2045,1.);
#2045 = DIRECTION('',(-0.202605604036,0.,0.979260419507));
#2046 = ORIENTED_EDGE('',*,*,#2047,.T.);
#2047 = EDGE_CURVE('',#2040,#2048,#2050,.T.);
#2048 = VERTEX_POINT('',#2049);
#2049 = CARTESIAN_POINT('',(0.853636182987,-0.1875,0.743994275378));
#2050 = CIRCLE('',#2051,4.6875E-02);
#2051 = AXIS2_PLACEMENT_3D('',#2052,#2053,#2054);
#2052 = CARTESIAN_POINT('',(0.853636182987,-0.1875,0.697119275378));
#2053 = DIRECTION('',(0.,-1.,0.));
#2054 = DIRECTION('',(0.,0.,1.));
#2055 = ORIENTED_EDGE('',*,*,#2056,.F.);
#2056 = EDGE_CURVE('',#2057,#2048,#2059,.T.);
#2057 = VERTEX_POINT('',#2058);
#2058 = CARTESIAN_POINT('',(0.8,-0.1875,0.743994275378));
#2059 = LINE('',#2060,#2061);
#2060 = CARTESIAN_POINT('',(0.8,-0.1875,0.743994275378));
#2061 = VECTOR('',#2062,1.);
#2062 = DIRECTION('',(1.,0.,0.));
#2063 = ORIENTED_EDGE('',*,*,#2064,.F.);
#2064 = EDGE_CURVE('',#2065,#2057,#2067,.T.);
#2065 = VERTEX_POINT('',#2066);
#2066 = CARTESIAN_POINT('',(0.8,-0.1875,0.650244275378));
#2067 = LINE('',#2068,#2069);
#2068 = CARTESIAN_POINT('',(0.8,-0.1875,0.650244275378));
#2069 = VECTOR('',#2070,1.);
#2070 = DIRECTION('',(0.,0.,1.));
#2071 = ORIENTED_EDGE('',*,*,#2072,.T.);
#2072 = EDGE_CURVE('',#2065,#2073,#2075,.T.);
#2073 = VERTEX_POINT('',#2074);
#2074 = CARTESIAN_POINT('',(0.815466701646,-0.1875,0.650244275378));
#2075 = LINE('',#2076,#2077);
#2076 = CARTESIAN_POINT('',(0.8,-0.1875,0.650244275378));
#2077 = VECTOR('',#2078,1.);
#2078 = DIRECTION('',(1.,0.,0.));
#2079 = ORIENTED_EDGE('',*,*,#2080,.F.);
#2080 = EDGE_CURVE('',#2081,#2073,#2083,.T.);
#2081 = VERTEX_POINT('',#2082);
#2082 = CARTESIAN_POINT('',(0.942266649177,-0.1875,3.737786231081E-02));
#2083 = LINE('',#2084,#2085);
#2084 = CARTESIAN_POINT('',(0.95,-0.1875,0.));
#2085 = VECTOR('',#2086,1.);
#2086 = DIRECTION('',(-0.202605604036,0.,0.979260419507));
#2087 = ORIENTED_EDGE('',*,*,#2088,.F.);
#2088 = EDGE_CURVE('',#2029,#2081,#2089,.T.);
#2089 = CIRCLE('',#2090,4.6875E-02);
#2090 = AXIS2_PLACEMENT_3D('',#2091,#2092,#2093);
#2091 = CARTESIAN_POINT('',(0.988169481341,-0.1875,4.6875E-02));
#2092 = DIRECTION('',(0.,1.,0.));
#2093 = DIRECTION('',(0.,-0.,1.));
#2094 = PLANE('',#2095);
#2095 = AXIS2_PLACEMENT_3D('',#2096,#2097,#2098);
#2096 = CARTESIAN_POINT('',(1.022476876345,-0.1875,0.276792898763));
#2097 = DIRECTION('',(1.924939741013E-30,-1.,9.924455450031E-31));
#2098 = DIRECTION('',(-1.,-1.924939741013E-30,0.));
#2099 = ADVANCED_FACE('',(#2100),#2111,.F.);
#2100 = FACE_BOUND('',#2101,.F.);
#2101 = EDGE_LOOP('',(#2102,#2103,#2104,#2105));
#2102 = ORIENTED_EDGE('',*,*,#2028,.T.);
#2103 = ORIENTED_EDGE('',*,*,#2012,.T.);
#2104 = ORIENTED_EDGE('',*,*,#1889,.F.);
#2105 = ORIENTED_EDGE('',*,*,#2106,.F.);
#2106 = EDGE_CURVE('',#2029,#1890,#2107,.T.);
#2107 = LINE('',#2108,#2109);
#2108 = CARTESIAN_POINT('',(0.988169481341,-0.1875,-6.938893903907E-18)
  );
#2109 = VECTOR('',#2110,1.);
#2110 = DIRECTION('',(0.,1.,0.));
#2111 = PLANE('',#2112);
#2112 = AXIS2_PLACEMENT_3D('',#2113,#2114,#2115);
#2113 = CARTESIAN_POINT('',(0.95,-0.1875,0.));
#2114 = DIRECTION('',(0.,0.,1.));
#2115 = DIRECTION('',(1.,0.,-0.));
#2116 = ADVANCED_FACE('',(#2117),#2128,.T.);
#2117 = FACE_BOUND('',#2118,.T.);
#2118 = EDGE_LOOP('',(#2119,#2120,#2126,#2127));
#2119 = ORIENTED_EDGE('',*,*,#2088,.T.);
#2120 = ORIENTED_EDGE('',*,*,#2121,.T.);
#2121 = EDGE_CURVE('',#2081,#1900,#2122,.T.);
#2122 = LINE('',#2123,#2124);
#2123 = CARTESIAN_POINT('',(0.942266649177,-0.1875,3.737786231081E-02));
#2124 = VECTOR('',#2125,1.);
#2125 = DIRECTION('',(0.,1.,0.));
#2126 = ORIENTED_EDGE('',*,*,#1899,.F.);
#2127 = ORIENTED_EDGE('',*,*,#2106,.F.);
#2128 = CYLINDRICAL_SURFACE('',#2129,4.6875E-02);
#2129 = AXIS2_PLACEMENT_3D('',#2130,#2131,#2132);
#2130 = CARTESIAN_POINT('',(0.988169481341,-0.1875,4.6875E-02));
#2131 = DIRECTION('',(0.,1.,0.));
#2132 = DIRECTION('',(0.,0.,-1.));
#2133 = ADVANCED_FACE('',(#2134),#2145,.F.);
#2134 = FACE_BOUND('',#2135,.F.);
#2135 = EDGE_LOOP('',(#2136,#2137,#2138,#2139));
#2136 = ORIENTED_EDGE('',*,*,#2080,.F.);
#2137 = ORIENTED_EDGE('',*,*,#2121,.T.);
#2138 = ORIENTED_EDGE('',*,*,#1908,.T.);
#2139 = ORIENTED_EDGE('',*,*,#2140,.F.);
#2140 = EDGE_CURVE('',#2073,#1909,#2141,.T.);
#2141 = LINE('',#2142,#2143);
#2142 = CARTESIAN_POINT('',(0.815466701646,-0.1875,0.650244275378));
#2143 = VECTOR('',#2144,1.);
#2144 = DIRECTION('',(0.,1.,0.));
#2145 = PLANE('',#2146);
#2146 = AXIS2_PLACEMENT_3D('',#2147,#2148,#2149);
#2147 = CARTESIAN_POINT('',(0.95,-0.1875,0.));
#2148 = DIRECTION('',(0.979260419507,0.,0.202605604036));
#2149 = DIRECTION('',(-0.202605604036,0.,0.979260419507));
#2150 = ADVANCED_FACE('',(#2151),#2162,.F.);
#2151 = FACE_BOUND('',#2152,.F.);
#2152 = EDGE_LOOP('',(#2153,#2154,#2160,#2161));
#2153 = ORIENTED_EDGE('',*,*,#1916,.F.);
#2154 = ORIENTED_EDGE('',*,*,#2155,.F.);
#2155 = EDGE_CURVE('',#2065,#1917,#2156,.T.);
#2156 = LINE('',#2157,#2158);
#2157 = CARTESIAN_POINT('',(0.8,-0.1875,0.650244275378));
#2158 = VECTOR('',#2159,1.);
#2159 = DIRECTION('',(0.,1.,0.));
#2160 = ORIENTED_EDGE('',*,*,#2072,.T.);
#2161 = ORIENTED_EDGE('',*,*,#2140,.T.);
#2162 = PLANE('',#2163);
#2163 = AXIS2_PLACEMENT_3D('',#2164,#2165,#2166);
#2164 = CARTESIAN_POINT('',(0.8,-0.1875,0.650244275378));
#2165 = DIRECTION('',(0.,0.,1.));
#2166 = DIRECTION('',(1.,0.,-0.));
#2167 = ADVANCED_FACE('',(#2168),#2179,.F.);
#2168 = FACE_BOUND('',#2169,.T.);
#2169 = EDGE_LOOP('',(#2170,#2171,#2177,#2178));
#2170 = ORIENTED_EDGE('',*,*,#2064,.T.);
#2171 = ORIENTED_EDGE('',*,*,#2172,.T.);
#2172 = EDGE_CURVE('',#2057,#1925,#2173,.T.);
#2173 = LINE('',#2174,#2175);
#2174 = CARTESIAN_POINT('',(0.8,-0.1875,0.743994275378));
#2175 = VECTOR('',#2176,1.);
#2176 = DIRECTION('',(0.,1.,0.));
#2177 = ORIENTED_EDGE('',*,*,#1924,.F.);
#2178 = ORIENTED_EDGE('',*,*,#2155,.F.);
#2179 = PLANE('',#2180);
#2180 = AXIS2_PLACEMENT_3D('',#2181,#2182,#2183);
#2181 = CARTESIAN_POINT('',(0.8,-0.1875,0.650244275378));
#2182 = DIRECTION('',(1.,0.,0.));
#2183 = DIRECTION('',(0.,0.,1.));
#2184 = ADVANCED_FACE('',(#2185),#2196,.T.);
#2185 = FACE_BOUND('',#2186,.T.);
#2186 = EDGE_LOOP('',(#2187,#2188,#2189,#2190));
#2187 = ORIENTED_EDGE('',*,*,#2039,.F.);
#2188 = ORIENTED_EDGE('',*,*,#1988,.T.);
#2189 = ORIENTED_EDGE('',*,*,#1949,.T.);
#2190 = ORIENTED_EDGE('',*,*,#2191,.F.);
#2191 = EDGE_CURVE('',#2040,#1941,#2192,.T.);
#2192 = LINE('',#2193,#2194);
#2193 = CARTESIAN_POINT('',(0.899539015152,-0.1875,0.706616413068));
#2194 = VECTOR('',#2195,1.);
#2195 = DIRECTION('',(0.,1.,0.));
#2196 = PLANE('',#2197);
#2197 = AXIS2_PLACEMENT_3D('',#2198,#2199,#2200);
#2198 = CARTESIAN_POINT('',(1.041805664329,-0.1875,1.899427537837E-02));
#2199 = DIRECTION('',(0.979260419507,0.,0.202605604036));
#2200 = DIRECTION('',(-0.202605604036,0.,0.979260419507));
#2201 = ADVANCED_FACE('',(#2202),#2213,.T.);
#2202 = FACE_BOUND('',#2203,.T.);
#2203 = EDGE_LOOP('',(#2204,#2205,#2206,#2207));
#2204 = ORIENTED_EDGE('',*,*,#1932,.F.);
#2205 = ORIENTED_EDGE('',*,*,#2172,.F.);
#2206 = ORIENTED_EDGE('',*,*,#2056,.T.);
#2207 = ORIENTED_EDGE('',*,*,#2208,.T.);
#2208 = EDGE_CURVE('',#2048,#1933,#2209,.T.);
#2209 = LINE('',#2210,#2211);
#2210 = CARTESIAN_POINT('',(0.853636182987,-0.1875,0.743994275378));
#2211 = VECTOR('',#2212,1.);
#2212 = DIRECTION('',(0.,1.,0.));
#2213 = PLANE('',#2214);
#2214 = AXIS2_PLACEMENT_3D('',#2215,#2216,#2217);
#2215 = CARTESIAN_POINT('',(0.8,-0.1875,0.743994275378));
#2216 = DIRECTION('',(0.,0.,1.));
#2217 = DIRECTION('',(1.,0.,-0.));
#2218 = ADVANCED_FACE('',(#2219),#2225,.T.);
#2219 = FACE_BOUND('',#2220,.T.);
#2220 = EDGE_LOOP('',(#2221,#2222,#2223,#2224));
#2221 = ORIENTED_EDGE('',*,*,#2191,.T.);
#2222 = ORIENTED_EDGE('',*,*,#1940,.T.);
#2223 = ORIENTED_EDGE('',*,*,#2208,.F.);
#2224 = ORIENTED_EDGE('',*,*,#2047,.F.);
#2225 = CYLINDRICAL_SURFACE('',#2226,4.6875E-02);
#2226 = AXIS2_PLACEMENT_3D('',#2227,#2228,#2229);
#2227 = CARTESIAN_POINT('',(0.853636182987,-0.1875,0.697119275378));
#2228 = DIRECTION('',(0.,1.,0.));
#2229 = DIRECTION('',(0.979260419507,-0.,0.202605604036));
#2230 = MANIFOLD_SOLID_BREP('',#2231);
#2231 = CLOSED_SHELL('',(#2232,#2272,#2362,#2387,#2411,#2486,#2503,#2520
    ,#2537,#2554,#2571,#2588,#2605));
#2232 = ADVANCED_FACE('',(#2233),#2267,.T.);
#2233 = FACE_BOUND('',#2234,.T.);
#2234 = EDGE_LOOP('',(#2235,#2245,#2253,#2261));
#2235 = ORIENTED_EDGE('',*,*,#2236,.F.);
#2236 = EDGE_CURVE('',#2237,#2239,#2241,.T.);
#2237 = VERTEX_POINT('',#2238);
#2238 = CARTESIAN_POINT('',(-1.4,-0.7625,9.375E-02));
#2239 = VERTEX_POINT('',#2240);
#2240 = CARTESIAN_POINT('',(-1.064508444024,-0.7625,9.375E-02));
#2241 = LINE('',#2242,#2243);
#2242 = CARTESIAN_POINT('',(-1.4,-0.7625,9.375E-02));
#2243 = VECTOR('',#2244,1.);
#2244 = DIRECTION('',(1.,0.,0.));
#2245 = ORIENTED_EDGE('',*,*,#2246,.F.);
#2246 = EDGE_CURVE('',#2247,#2237,#2249,.T.);
#2247 = VERTEX_POINT('',#2248);
#2248 = CARTESIAN_POINT('',(-1.4,-1.1375,9.375E-02));
#2249 = LINE('',#2250,#2251);
#2250 = CARTESIAN_POINT('',(-1.4,-1.1375,9.375E-02));
#2251 = VECTOR('',#2252,1.);
#2252 = DIRECTION('',(0.,1.,0.));
#2253 = ORIENTED_EDGE('',*,*,#2254,.T.);
#2254 = EDGE_CURVE('',#2247,#2255,#2257,.T.);
#2255 = VERTEX_POINT('',#2256);
#2256 = CARTESIAN_POINT('',(-1.064508444024,-1.1375,9.375E-02));
#2257 = LINE('',#2258,#2259);
#2258 = CARTESIAN_POINT('',(-1.4,-1.1375,9.375E-02));
#2259 = VECTOR('',#2260,1.);
#2260 = DIRECTION('',(1.,0.,0.));
#2261 = ORIENTED_EDGE('',*,*,#2262,.T.);
#2262 = EDGE_CURVE('',#2255,#2239,#2263,.T.);
#2263 = LINE('',#2264,#2265);
#2264 = CARTESIAN_POINT('',(-1.064508444024,-1.1375,9.375E-02));
#2265 = VECTOR('',#2266,1.);
#2266 = DIRECTION('',(0.,1.,0.));
#2267 = PLANE('',#2268);
#2268 = AXIS2_PLACEMENT_3D('',#2269,#2270,#2271);
#2269 = CARTESIAN_POINT('',(-1.4,-1.1375,9.375E-02));
#2270 = DIRECTION('',(0.,0.,1.));
#2271 = DIRECTION('',(1.,0.,-0.));
#2272 = ADVANCED_FACE('',(#2273),#2357,.T.);
#2273 = FACE_BOUND('',#2274,.T.);
#2274 = EDGE_LOOP('',(#2275,#2285,#2291,#2292,#2301,#2309,#2318,#2326,
    #2334,#2342,#2350));
#2275 = ORIENTED_EDGE('',*,*,#2276,.F.);
#2276 = EDGE_CURVE('',#2277,#2279,#2281,.T.);
#2277 = VERTEX_POINT('',#2278);
#2278 = CARTESIAN_POINT('',(-1.4,-0.7625,0.));
#2279 = VERTEX_POINT('',#2280);
#2280 = CARTESIAN_POINT('',(-0.988169481341,-0.7625,-6.938893903907E-18)
  );
#2281 = LINE('',#2282,#2283);
#2282 = CARTESIAN_POINT('',(-1.4,-0.7625,0.));
#2283 = VECTOR('',#2284,1.);
#2284 = DIRECTION('',(1.,0.,0.));
#2285 = ORIENTED_EDGE('',*,*,#2286,.T.);
#2286 = EDGE_CURVE('',#2277,#2237,#2287,.T.);
#2287 = LINE('',#2288,#2289);
#2288 = CARTESIAN_POINT('',(-1.4,-0.7625,0.));
#2289 = VECTOR('',#2290,1.);
#2290 = DIRECTION('',(0.,0.,1.));
#2291 = ORIENTED_EDGE('',*,*,#2236,.T.);
#2292 = ORIENTED_EDGE('',*,*,#2293,.T.);
#2293 = EDGE_CURVE('',#2239,#2294,#2296,.T.);
#2294 = VERTEX_POINT('',#2295);
#2295 = CARTESIAN_POINT('',(-1.01860561186,-0.7625,0.131127862311));
#2296 = CIRCLE('',#2297,4.6875E-02);
#2297 = AXIS2_PLACEMENT_3D('',#2298,#2299,#2300);
#2298 = CARTESIAN_POINT('',(-1.064508444024,-0.7625,0.140625));
#2299 = DIRECTION('',(0.,-1.,0.));
#2300 = DIRECTION('',(0.,0.,1.));
#2301 = ORIENTED_EDGE('',*,*,#2302,.T.);
#2302 = EDGE_CURVE('',#2294,#2303,#2305,.T.);
#2303 = VERTEX_POINT('',#2304);
#2304 = CARTESIAN_POINT('',(-0.899539015152,-0.7625,0.706616413068));
#2305 = LINE('',#2306,#2307);
#2306 = CARTESIAN_POINT('',(-1.041805664329,-0.7625,1.899427537837E-02)
  );
#2307 = VECTOR('',#2308,1.);
#2308 = DIRECTION('',(0.202605604036,0.,0.979260419507));
#2309 = ORIENTED_EDGE('',*,*,#2310,.T.);
#2310 = EDGE_CURVE('',#2303,#2311,#2313,.T.);
#2311 = VERTEX_POINT('',#2312);
#2312 = CARTESIAN_POINT('',(-0.853636182987,-0.7625,0.743994275378));
#2313 = CIRCLE('',#2314,4.6875E-02);
#2314 = AXIS2_PLACEMENT_3D('',#2315,#2316,#2317);
#2315 = CARTESIAN_POINT('',(-0.853636182987,-0.7625,0.697119275378));
#2316 = DIRECTION('',(0.,1.,0.));
#2317 = DIRECTION('',(0.,-0.,1.));
#2318 = ORIENTED_EDGE('',*,*,#2319,.T.);
#2319 = EDGE_CURVE('',#2311,#2320,#2322,.T.);
#2320 = VERTEX_POINT('',#2321);
#2321 = CARTESIAN_POINT('',(-0.8,-0.7625,0.743994275378));
#2322 = LINE('',#2323,#2324);
#2323 = CARTESIAN_POINT('',(-0.891805664329,-0.7625,0.743994275378));
#2324 = VECTOR('',#2325,1.);
#2325 = DIRECTION('',(1.,0.,0.));
#2326 = ORIENTED_EDGE('',*,*,#2327,.F.);
#2327 = EDGE_CURVE('',#2328,#2320,#2330,.T.);
#2328 = VERTEX_POINT('',#2329);
#2329 = CARTESIAN_POINT('',(-0.8,-0.7625,0.650244275378));
#2330 = LINE('',#2331,#2332);
#2331 = CARTESIAN_POINT('',(-0.8,-0.7625,0.650244275378));
#2332 = VECTOR('',#2333,1.);
#2333 = DIRECTION('',(0.,0.,1.));
#2334 = ORIENTED_EDGE('',*,*,#2335,.F.);
#2335 = EDGE_CURVE('',#2336,#2328,#2338,.T.);
#2336 = VERTEX_POINT('',#2337);
#2337 = CARTESIAN_POINT('',(-0.815466701646,-0.7625,0.650244275378));
#2338 = LINE('',#2339,#2340);
#2339 = CARTESIAN_POINT('',(-0.891805664329,-0.7625,0.650244275378));
#2340 = VECTOR('',#2341,1.);
#2341 = DIRECTION('',(1.,0.,0.));
#2342 = ORIENTED_EDGE('',*,*,#2343,.F.);
#2343 = EDGE_CURVE('',#2344,#2336,#2346,.T.);
#2344 = VERTEX_POINT('',#2345);
#2345 = CARTESIAN_POINT('',(-0.942266649177,-0.7625,3.737786231081E-02)
  );
#2346 = LINE('',#2347,#2348);
#2347 = CARTESIAN_POINT('',(-0.95,-0.7625,-6.938893903907E-18));
#2348 = VECTOR('',#2349,1.);
#2349 = DIRECTION('',(0.202605604036,0.,0.979260419507));
#2350 = ORIENTED_EDGE('',*,*,#2351,.F.);
#2351 = EDGE_CURVE('',#2279,#2344,#2352,.T.);
#2352 = CIRCLE('',#2353,4.6875E-02);
#2353 = AXIS2_PLACEMENT_3D('',#2354,#2355,#2356);
#2354 = CARTESIAN_POINT('',(-0.988169481341,-0.7625,4.6875E-02));
#2355 = DIRECTION('',(0.,-1.,0.));
#2356 = DIRECTION('',(0.,0.,1.));
#2357 = PLANE('',#2358);
#2358 = AXIS2_PLACEMENT_3D('',#2359,#2360,#2361);
#2359 = CARTESIAN_POINT('',(-1.022476876345,-0.7625,0.276792898763));
#2360 = DIRECTION('',(3.026748408068E-30,1.,-1.194885526208E-30));
#2361 = DIRECTION('',(1.,-3.026748408068E-30,0.));
#2362 = ADVANCED_FACE('',(#2363),#2382,.F.);
#2363 = FACE_BOUND('',#2364,.F.);
#2364 = EDGE_LOOP('',(#2365,#2366,#2367,#2375));
#2365 = ORIENTED_EDGE('',*,*,#2262,.T.);
#2366 = ORIENTED_EDGE('',*,*,#2293,.T.);
#2367 = ORIENTED_EDGE('',*,*,#2368,.F.);
#2368 = EDGE_CURVE('',#2369,#2294,#2371,.T.);
#2369 = VERTEX_POINT('',#2370);
#2370 = CARTESIAN_POINT('',(-1.01860561186,-1.1375,0.131127862311));
#2371 = LINE('',#2372,#2373);
#2372 = CARTESIAN_POINT('',(-1.01860561186,-1.1375,0.131127862311));
#2373 = VECTOR('',#2374,1.);
#2374 = DIRECTION('',(0.,1.,0.));
#2375 = ORIENTED_EDGE('',*,*,#2376,.F.);
#2376 = EDGE_CURVE('',#2255,#2369,#2377,.T.);
#2377 = CIRCLE('',#2378,4.6875E-02);
#2378 = AXIS2_PLACEMENT_3D('',#2379,#2380,#2381);
#2379 = CARTESIAN_POINT('',(-1.064508444024,-1.1375,0.140625));
#2380 = DIRECTION('',(0.,-1.,0.));
#2381 = DIRECTION('',(0.,0.,1.));
#2382 = CYLINDRICAL_SURFACE('',#2383,4.6875E-02);
#2383 = AXIS2_PLACEMENT_3D('',#2384,#2385,#2386);
#2384 = CARTESIAN_POINT('',(-1.064508444024,-1.1375,0.140625));
#2385 = DIRECTION('',(0.,1.,0.));
#2386 = DIRECTION('',(0.,0.,-1.));
#2387 = ADVANCED_FACE('',(#2388),#2406,.F.);
#2388 = FACE_BOUND('',#2389,.F.);
#2389 = EDGE_LOOP('',(#2390,#2398,#2404,#2405));
#2390 = ORIENTED_EDGE('',*,*,#2391,.F.);
#2391 = EDGE_CURVE('',#2392,#2247,#2394,.T.);
#2392 = VERTEX_POINT('',#2393);
#2393 = CARTESIAN_POINT('',(-1.4,-1.1375,0.));
#2394 = LINE('',#2395,#2396);
#2395 = CARTESIAN_POINT('',(-1.4,-1.1375,0.));
#2396 = VECTOR('',#2397,1.);
#2397 = DIRECTION('',(0.,0.,1.));
#2398 = ORIENTED_EDGE('',*,*,#2399,.T.);
#2399 = EDGE_CURVE('',#2392,#2277,#2400,.T.);
#2400 = LINE('',#2401,#2402);
#2401 = CARTESIAN_POINT('',(-1.4,-1.1375,0.));
#2402 = VECTOR('',#2403,1.);
#2403 = DIRECTION('',(0.,1.,0.));
#2404 = ORIENTED_EDGE('',*,*,#2286,.T.);
#2405 = ORIENTED_EDGE('',*,*,#2246,.F.);
#2406 = PLANE('',#2407);
#2407 = AXIS2_PLACEMENT_3D('',#2408,#2409,#2410);
#2408 = CARTESIAN_POINT('',(-1.4,-1.1375,0.));
#2409 = DIRECTION('',(1.,0.,0.));
#2410 = DIRECTION('',(0.,0.,1.));
#2411 = ADVANCED_FACE('',(#2412),#2481,.T.);
#2412 = FACE_BOUND('',#2413,.T.);
#2413 = EDGE_LOOP('',(#2414,#2422,#2431,#2439,#2447,#2455,#2463,#2472,
    #2478,#2479,#2480));
#2414 = ORIENTED_EDGE('',*,*,#2415,.T.);
#2415 = EDGE_CURVE('',#2392,#2416,#2418,.T.);
#2416 = VERTEX_POINT('',#2417);
#2417 = CARTESIAN_POINT('',(-0.988169481341,-1.1375,-6.938893903907E-18)
  );
#2418 = LINE('',#2419,#2420);
#2419 = CARTESIAN_POINT('',(-1.4,-1.1375,0.));
#2420 = VECTOR('',#2421,1.);
#2421 = DIRECTION('',(1.,0.,0.));
#2422 = ORIENTED_EDGE('',*,*,#2423,.T.);
#2423 = EDGE_CURVE('',#2416,#2424,#2426,.T.);
#2424 = VERTEX_POINT('',#2425);
#2425 = CARTESIAN_POINT('',(-0.942266649177,-1.1375,3.737786231081E-02)
  );
#2426 = CIRCLE('',#2427,4.6875E-02);
#2427 = AXIS2_PLACEMENT_3D('',#2428,#2429,#2430);
#2428 = CARTESIAN_POINT('',(-0.988169481341,-1.1375,4.6875E-02));
#2429 = DIRECTION('',(0.,-1.,0.));
#2430 = DIRECTION('',(0.,0.,1.));
#2431 = ORIENTED_EDGE('',*,*,#2432,.T.);
#2432 = EDGE_CURVE('',#2424,#2433,#2435,.T.);
#2433 = VERTEX_POINT('',#2434);
#2434 = CARTESIAN_POINT('',(-0.815466701646,-1.1375,0.650244275378));
#2435 = LINE('',#2436,#2437);
#2436 = CARTESIAN_POINT('',(-0.95,-1.1375,-6.938893903907E-18));
#2437 = VECTOR('',#2438,1.);
#2438 = DIRECTION('',(0.202605604036,0.,0.979260419507));
#2439 = ORIENTED_EDGE('',*,*,#2440,.T.);
#2440 = EDGE_CURVE('',#2433,#2441,#2443,.T.);
#2441 = VERTEX_POINT('',#2442);
#2442 = CARTESIAN_POINT('',(-0.8,-1.1375,0.650244275378));
#2443 = LINE('',#2444,#2445);
#2444 = CARTESIAN_POINT('',(-0.891805664329,-1.1375,0.650244275378));
#2445 = VECTOR('',#2446,1.);
#2446 = DIRECTION('',(1.,0.,0.));
#2447 = ORIENTED_EDGE('',*,*,#2448,.T.);
#2448 = EDGE_CURVE('',#2441,#2449,#2451,.T.);
#2449 = VERTEX_POINT('',#2450);
#2450 = CARTESIAN_POINT('',(-0.8,-1.1375,0.743994275378));
#2451 = LINE('',#2452,#2453);
#2452 = CARTESIAN_POINT('',(-0.8,-1.1375,0.650244275378));
#2453 = VECTOR('',#2454,1.);
#2454 = DIRECTION('',(0.,0.,1.));
#2455 = ORIENTED_EDGE('',*,*,#2456,.F.);
#2456 = EDGE_CURVE('',#2457,#2449,#2459,.T.);
#2457 = VERTEX_POINT('',#2458);
#2458 = CARTESIAN_POINT('',(-0.853636182987,-1.1375,0.743994275378));
#2459 = LINE('',#2460,#2461);
#2460 = CARTESIAN_POINT('',(-0.891805664329,-1.1375,0.743994275378));
#2461 = VECTOR('',#2462,1.);
#2462 = DIRECTION('',(1.,0.,0.));
#2463 = ORIENTED_EDGE('',*,*,#2464,.F.);
#2464 = EDGE_CURVE('',#2465,#2457,#2467,.T.);
#2465 = VERTEX_POINT('',#2466);
#2466 = CARTESIAN_POINT('',(-0.899539015152,-1.1375,0.706616413068));
#2467 = CIRCLE('',#2468,4.6875E-02);
#2468 = AXIS2_PLACEMENT_3D('',#2469,#2470,#2471);
#2469 = CARTESIAN_POINT('',(-0.853636182987,-1.1375,0.697119275378));
#2470 = DIRECTION('',(0.,1.,0.));
#2471 = DIRECTION('',(0.,-0.,1.));
#2472 = ORIENTED_EDGE('',*,*,#2473,.F.);
#2473 = EDGE_CURVE('',#2369,#2465,#2474,.T.);
#2474 = LINE('',#2475,#2476);
#2475 = CARTESIAN_POINT('',(-1.041805664329,-1.1375,1.899427537837E-02)
  );
#2476 = VECTOR('',#2477,1.);
#2477 = DIRECTION('',(0.202605604036,0.,0.979260419507));
#2478 = ORIENTED_EDGE('',*,*,#2376,.F.);
#2479 = ORIENTED_EDGE('',*,*,#2254,.F.);
#2480 = ORIENTED_EDGE('',*,*,#2391,.F.);
#2481 = PLANE('',#2482);
#2482 = AXIS2_PLACEMENT_3D('',#2483,#2484,#2485);
#2483 = CARTESIAN_POINT('',(-1.022476876345,-1.1375,0.276792898763));
#2484 = DIRECTION('',(-0.,-1.,-0.));
#2485 = DIRECTION('',(0.,0.,-1.));
#2486 = ADVANCED_FACE('',(#2487),#2498,.F.);
#2487 = FACE_BOUND('',#2488,.F.);
#2488 = EDGE_LOOP('',(#2489,#2490,#2491,#2492));
#2489 = ORIENTED_EDGE('',*,*,#2276,.F.);
#2490 = ORIENTED_EDGE('',*,*,#2399,.F.);
#2491 = ORIENTED_EDGE('',*,*,#2415,.T.);
#2492 = ORIENTED_EDGE('',*,*,#2493,.T.);
#2493 = EDGE_CURVE('',#2416,#2279,#2494,.T.);
#2494 = LINE('',#2495,#2496);
#2495 = CARTESIAN_POINT('',(-0.988169481341,-1.1375,-6.938893903907E-18)
  );
#2496 = VECTOR('',#2497,1.);
#2497 = DIRECTION('',(0.,1.,0.));
#2498 = PLANE('',#2499);
#2499 = AXIS2_PLACEMENT_3D('',#2500,#2501,#2502);
#2500 = CARTESIAN_POINT('',(-1.4,-1.1375,0.));
#2501 = DIRECTION('',(0.,0.,1.));
#2502 = DIRECTION('',(1.,0.,-0.));
#2503 = ADVANCED_FACE('',(#2504),#2515,.T.);
#2504 = FACE_BOUND('',#2505,.T.);
#2505 = EDGE_LOOP('',(#2506,#2507,#2508,#2514));
#2506 = ORIENTED_EDGE('',*,*,#2493,.T.);
#2507 = ORIENTED_EDGE('',*,*,#2351,.T.);
#2508 = ORIENTED_EDGE('',*,*,#2509,.F.);
#2509 = EDGE_CURVE('',#2424,#2344,#2510,.T.);
#2510 = LINE('',#2511,#2512);
#2511 = CARTESIAN_POINT('',(-0.942266649177,-1.1375,3.737786231081E-02)
  );
#2512 = VECTOR('',#2513,1.);
#2513 = DIRECTION('',(0.,1.,0.));
#2514 = ORIENTED_EDGE('',*,*,#2423,.F.);
#2515 = CYLINDRICAL_SURFACE('',#2516,4.6875E-02);
#2516 = AXIS2_PLACEMENT_3D('',#2517,#2518,#2519);
#2517 = CARTESIAN_POINT('',(-0.988169481341,-1.1375,4.6875E-02));
#2518 = DIRECTION('',(0.,1.,0.));
#2519 = DIRECTION('',(0.,0.,-1.));
#2520 = ADVANCED_FACE('',(#2521),#2532,.T.);
#2521 = FACE_BOUND('',#2522,.T.);
#2522 = EDGE_LOOP('',(#2523,#2524,#2525,#2526));
#2523 = ORIENTED_EDGE('',*,*,#2432,.F.);
#2524 = ORIENTED_EDGE('',*,*,#2509,.T.);
#2525 = ORIENTED_EDGE('',*,*,#2343,.T.);
#2526 = ORIENTED_EDGE('',*,*,#2527,.F.);
#2527 = EDGE_CURVE('',#2433,#2336,#2528,.T.);
#2528 = LINE('',#2529,#2530);
#2529 = CARTESIAN_POINT('',(-0.815466701646,-1.1375,0.650244275378));
#2530 = VECTOR('',#2531,1.);
#2531 = DIRECTION('',(0.,1.,0.));
#2532 = PLANE('',#2533);
#2533 = AXIS2_PLACEMENT_3D('',#2534,#2535,#2536);
#2534 = CARTESIAN_POINT('',(-0.95,-1.1375,-6.938893903907E-18));
#2535 = DIRECTION('',(0.979260419507,0.,-0.202605604036));
#2536 = DIRECTION('',(0.202605604036,0.,0.979260419507));
#2537 = ADVANCED_FACE('',(#2538),#2549,.F.);
#2538 = FACE_BOUND('',#2539,.F.);
#2539 = EDGE_LOOP('',(#2540,#2541,#2542,#2543));
#2540 = ORIENTED_EDGE('',*,*,#2335,.F.);
#2541 = ORIENTED_EDGE('',*,*,#2527,.F.);
#2542 = ORIENTED_EDGE('',*,*,#2440,.T.);
#2543 = ORIENTED_EDGE('',*,*,#2544,.T.);
#2544 = EDGE_CURVE('',#2441,#2328,#2545,.T.);
#2545 = LINE('',#2546,#2547);
#2546 = CARTESIAN_POINT('',(-0.8,-1.1375,0.650244275378));
#2547 = VECTOR('',#2548,1.);
#2548 = DIRECTION('',(0.,1.,0.));
#2549 = PLANE('',#2550);
#2550 = AXIS2_PLACEMENT_3D('',#2551,#2552,#2553);
#2551 = CARTESIAN_POINT('',(-0.891805664329,-1.1375,0.650244275378));
#2552 = DIRECTION('',(0.,0.,1.));
#2553 = DIRECTION('',(1.,0.,-0.));
#2554 = ADVANCED_FACE('',(#2555),#2566,.T.);
#2555 = FACE_BOUND('',#2556,.T.);
#2556 = EDGE_LOOP('',(#2557,#2558,#2559,#2560));
#2557 = ORIENTED_EDGE('',*,*,#2448,.F.);
#2558 = ORIENTED_EDGE('',*,*,#2544,.T.);
#2559 = ORIENTED_EDGE('',*,*,#2327,.T.);
#2560 = ORIENTED_EDGE('',*,*,#2561,.F.);
#2561 = EDGE_CURVE('',#2449,#2320,#2562,.T.);
#2562 = LINE('',#2563,#2564);
#2563 = CARTESIAN_POINT('',(-0.8,-1.1375,0.743994275378));
#2564 = VECTOR('',#2565,1.);
#2565 = DIRECTION('',(0.,1.,0.));
#2566 = PLANE('',#2567);
#2567 = AXIS2_PLACEMENT_3D('',#2568,#2569,#2570);
#2568 = CARTESIAN_POINT('',(-0.8,-1.1375,0.650244275378));
#2569 = DIRECTION('',(1.,0.,0.));
#2570 = DIRECTION('',(0.,0.,1.));
#2571 = ADVANCED_FACE('',(#2572),#2583,.F.);
#2572 = FACE_BOUND('',#2573,.F.);
#2573 = EDGE_LOOP('',(#2574,#2575,#2576,#2577));
#2574 = ORIENTED_EDGE('',*,*,#2473,.F.);
#2575 = ORIENTED_EDGE('',*,*,#2368,.T.);
#2576 = ORIENTED_EDGE('',*,*,#2302,.T.);
#2577 = ORIENTED_EDGE('',*,*,#2578,.F.);
#2578 = EDGE_CURVE('',#2465,#2303,#2579,.T.);
#2579 = LINE('',#2580,#2581);
#2580 = CARTESIAN_POINT('',(-0.899539015152,-1.1375,0.706616413068));
#2581 = VECTOR('',#2582,1.);
#2582 = DIRECTION('',(0.,1.,0.));
#2583 = PLANE('',#2584);
#2584 = AXIS2_PLACEMENT_3D('',#2585,#2586,#2587);
#2585 = CARTESIAN_POINT('',(-1.041805664329,-1.1375,1.899427537837E-02)
  );
#2586 = DIRECTION('',(0.979260419507,0.,-0.202605604036));
#2587 = DIRECTION('',(0.202605604036,0.,0.979260419507));
#2588 = ADVANCED_FACE('',(#2589),#2600,.T.);
#2589 = FACE_BOUND('',#2590,.T.);
#2590 = EDGE_LOOP('',(#2591,#2592,#2593,#2594));
#2591 = ORIENTED_EDGE('',*,*,#2456,.T.);
#2592 = ORIENTED_EDGE('',*,*,#2561,.T.);
#2593 = ORIENTED_EDGE('',*,*,#2319,.F.);
#2594 = ORIENTED_EDGE('',*,*,#2595,.F.);
#2595 = EDGE_CURVE('',#2457,#2311,#2596,.T.);
#2596 = LINE('',#2597,#2598);
#2597 = CARTESIAN_POINT('',(-0.853636182987,-1.1375,0.743994275378));
#2598 = VECTOR('',#2599,1.);
#2599 = DIRECTION('',(0.,1.,0.));
#2600 = PLANE('',#2601);
#2601 = AXIS2_PLACEMENT_3D('',#2602,#2603,#2604);
#2602 = CARTESIAN_POINT('',(-0.891805664329,-1.1375,0.743994275378));
#2603 = DIRECTION('',(0.,0.,1.));
#2604 = DIRECTION('',(1.,0.,-0.));
#2605 = ADVANCED_FACE('',(#2606),#2612,.T.);
#2606 = FACE_BOUND('',#2607,.T.);
#2607 = EDGE_LOOP('',(#2608,#2609,#2610,#2611));
#2608 = ORIENTED_EDGE('',*,*,#2464,.T.);
#2609 = ORIENTED_EDGE('',*,*,#2595,.T.);
#2610 = ORIENTED_EDGE('',*,*,#2310,.F.);
#2611 = ORIENTED_EDGE('',*,*,#2578,.F.);
#2612 = CYLINDRICAL_SURFACE('',#2613,4.6875E-02);
#2613 = AXIS2_PLACEMENT_3D('',#2614,#2615,#2616);
#2614 = CARTESIAN_POINT('',(-0.853636182987,-1.1375,0.697119275378));
#2615 = DIRECTION('',(0.,1.,0.));
#2616 = DIRECTION('',(-0.979260419507,0.,0.202605604036));
#2617 = MANIFOLD_SOLID_BREP('',#2618);
#2618 = CLOSED_SHELL('',(#2619,#2659,#2749,#2774,#2798,#2873,#2890,#2907
    ,#2924,#2941,#2958,#2975,#2992));
#2619 = ADVANCED_FACE('',(#2620),#2654,.T.);
#2620 = FACE_BOUND('',#2621,.T.);
#2621 = EDGE_LOOP('',(#2622,#2632,#2640,#2648));
#2622 = ORIENTED_EDGE('',*,*,#2623,.F.);
#2623 = EDGE_CURVE('',#2624,#2626,#2628,.T.);
#2624 = VERTEX_POINT('',#2625);
#2625 = CARTESIAN_POINT('',(1.064508444024,-0.7625,9.375E-02));
#2626 = VERTEX_POINT('',#2627);
#2627 = CARTESIAN_POINT('',(1.4,-0.7625,9.375E-02));
#2628 = LINE('',#2629,#2630);
#2629 = CARTESIAN_POINT('',(0.95,-0.7625,9.375E-02));
#2630 = VECTOR('',#2631,1.);
#2631 = DIRECTION('',(1.,0.,0.));
#2632 = ORIENTED_EDGE('',*,*,#2633,.F.);
#2633 = EDGE_CURVE('',#2634,#2624,#2636,.T.);
#2634 = VERTEX_POINT('',#2635);
#2635 = CARTESIAN_POINT('',(1.064508444024,-1.1375,9.375E-02));
#2636 = LINE('',#2637,#2638);
#2637 = CARTESIAN_POINT('',(1.064508444024,-1.1375,9.375E-02));
#2638 = VECTOR('',#2639,1.);
#2639 = DIRECTION('',(0.,1.,0.));
#2640 = ORIENTED_EDGE('',*,*,#2641,.T.);
#2641 = EDGE_CURVE('',#2634,#2642,#2644,.T.);
#2642 = VERTEX_POINT('',#2643);
#2643 = CARTESIAN_POINT('',(1.4,-1.1375,9.375E-02));
#2644 = LINE('',#2645,#2646);
#2645 = CARTESIAN_POINT('',(0.95,-1.1375,9.375E-02));
#2646 = VECTOR('',#2647,1.);
#2647 = DIRECTION('',(1.,0.,0.));
#2648 = ORIENTED_EDGE('',*,*,#2649,.T.);
#2649 = EDGE_CURVE('',#2642,#2626,#2650,.T.);
#2650 = LINE('',#2651,#2652);
#2651 = CARTESIAN_POINT('',(1.4,-1.1375,9.375E-02));
#2652 = VECTOR('',#2653,1.);
#2653 = DIRECTION('',(0.,1.,0.));
#2654 = PLANE('',#2655);
#2655 = AXIS2_PLACEMENT_3D('',#2656,#2657,#2658);
#2656 = CARTESIAN_POINT('',(0.95,-1.1375,9.375E-02));
#2657 = DIRECTION('',(0.,0.,1.));
#2658 = DIRECTION('',(1.,0.,-0.));
#2659 = ADVANCED_FACE('',(#2660),#2744,.T.);
#2660 = FACE_BOUND('',#2661,.T.);
#2661 = EDGE_LOOP('',(#2662,#2672,#2681,#2689,#2697,#2705,#2713,#2722,
    #2730,#2737,#2738));
#2662 = ORIENTED_EDGE('',*,*,#2663,.F.);
#2663 = EDGE_CURVE('',#2664,#2666,#2668,.T.);
#2664 = VERTEX_POINT('',#2665);
#2665 = CARTESIAN_POINT('',(0.988169481341,-0.7625,-6.938893903907E-18)
  );
#2666 = VERTEX_POINT('',#2667);
#2667 = CARTESIAN_POINT('',(1.4,-0.7625,0.));
#2668 = LINE('',#2669,#2670);
#2669 = CARTESIAN_POINT('',(0.95,-0.7625,0.));
#2670 = VECTOR('',#2671,1.);
#2671 = DIRECTION('',(1.,0.,0.));
#2672 = ORIENTED_EDGE('',*,*,#2673,.T.);
#2673 = EDGE_CURVE('',#2664,#2674,#2676,.T.);
#2674 = VERTEX_POINT('',#2675);
#2675 = CARTESIAN_POINT('',(0.942266649177,-0.7625,3.737786231081E-02));
#2676 = CIRCLE('',#2677,4.6875E-02);
#2677 = AXIS2_PLACEMENT_3D('',#2678,#2679,#2680);
#2678 = CARTESIAN_POINT('',(0.988169481341,-0.7625,4.6875E-02));
#2679 = DIRECTION('',(0.,1.,0.));
#2680 = DIRECTION('',(0.,-0.,1.));
#2681 = ORIENTED_EDGE('',*,*,#2682,.T.);
#2682 = EDGE_CURVE('',#2674,#2683,#2685,.T.);
#2683 = VERTEX_POINT('',#2684);
#2684 = CARTESIAN_POINT('',(0.815466701646,-0.7625,0.650244275378));
#2685 = LINE('',#2686,#2687);
#2686 = CARTESIAN_POINT('',(0.95,-0.7625,0.));
#2687 = VECTOR('',#2688,1.);
#2688 = DIRECTION('',(-0.202605604036,0.,0.979260419507));
#2689 = ORIENTED_EDGE('',*,*,#2690,.F.);
#2690 = EDGE_CURVE('',#2691,#2683,#2693,.T.);
#2691 = VERTEX_POINT('',#2692);
#2692 = CARTESIAN_POINT('',(0.8,-0.7625,0.650244275378));
#2693 = LINE('',#2694,#2695);
#2694 = CARTESIAN_POINT('',(0.8,-0.7625,0.650244275378));
#2695 = VECTOR('',#2696,1.);
#2696 = DIRECTION('',(1.,0.,0.));
#2697 = ORIENTED_EDGE('',*,*,#2698,.T.);
#2698 = EDGE_CURVE('',#2691,#2699,#2701,.T.);
#2699 = VERTEX_POINT('',#2700);
#2700 = CARTESIAN_POINT('',(0.8,-0.7625,0.743994275378));
#2701 = LINE('',#2702,#2703);
#2702 = CARTESIAN_POINT('',(0.8,-0.7625,0.650244275378));
#2703 = VECTOR('',#2704,1.);
#2704 = DIRECTION('',(0.,0.,1.));
#2705 = ORIENTED_EDGE('',*,*,#2706,.T.);
#2706 = EDGE_CURVE('',#2699,#2707,#2709,.T.);
#2707 = VERTEX_POINT('',#2708);
#2708 = CARTESIAN_POINT('',(0.853636182987,-0.7625,0.743994275378));
#2709 = LINE('',#2710,#2711);
#2710 = CARTESIAN_POINT('',(0.8,-0.7625,0.743994275378));
#2711 = VECTOR('',#2712,1.);
#2712 = DIRECTION('',(1.,0.,0.));
#2713 = ORIENTED_EDGE('',*,*,#2714,.F.);
#2714 = EDGE_CURVE('',#2715,#2707,#2717,.T.);
#2715 = VERTEX_POINT('',#2716);
#2716 = CARTESIAN_POINT('',(0.899539015152,-0.7625,0.706616413068));
#2717 = CIRCLE('',#2718,4.6875E-02);
#2718 = AXIS2_PLACEMENT_3D('',#2719,#2720,#2721);
#2719 = CARTESIAN_POINT('',(0.853636182987,-0.7625,0.697119275378));
#2720 = DIRECTION('',(0.,-1.,0.));
#2721 = DIRECTION('',(0.,0.,1.));
#2722 = ORIENTED_EDGE('',*,*,#2723,.F.);
#2723 = EDGE_CURVE('',#2724,#2715,#2726,.T.);
#2724 = VERTEX_POINT('',#2725);
#2725 = CARTESIAN_POINT('',(1.01860561186,-0.7625,0.131127862311));
#2726 = LINE('',#2727,#2728);
#2727 = CARTESIAN_POINT('',(1.041805664329,-0.7625,1.899427537837E-02));
#2728 = VECTOR('',#2729,1.);
#2729 = DIRECTION('',(-0.202605604036,0.,0.979260419507));
#2730 = ORIENTED_EDGE('',*,*,#2731,.F.);
#2731 = EDGE_CURVE('',#2624,#2724,#2732,.T.);
#2732 = CIRCLE('',#2733,4.6875E-02);
#2733 = AXIS2_PLACEMENT_3D('',#2734,#2735,#2736);
#2734 = CARTESIAN_POINT('',(1.064508444024,-0.7625,0.140625));
#2735 = DIRECTION('',(0.,1.,0.));
#2736 = DIRECTION('',(0.,-0.,1.));
#2737 = ORIENTED_EDGE('',*,*,#2623,.T.);
#2738 = ORIENTED_EDGE('',*,*,#2739,.F.);
#2739 = EDGE_CURVE('',#2666,#2626,#2740,.T.);
#2740 = LINE('',#2741,#2742);
#2741 = CARTESIAN_POINT('',(1.4,-0.7625,0.));
#2742 = VECTOR('',#2743,1.);
#2743 = DIRECTION('',(0.,0.,1.));
#2744 = PLANE('',#2745);
#2745 = AXIS2_PLACEMENT_3D('',#2746,#2747,#2748);
#2746 = CARTESIAN_POINT('',(1.022476876345,-0.7625,0.276792898763));
#2747 = DIRECTION('',(5.719538977484E-31,1.,8.150204619526E-32));
#2748 = DIRECTION('',(1.,-5.719538977484E-31,0.));
#2749 = ADVANCED_FACE('',(#2750),#2769,.F.);
#2750 = FACE_BOUND('',#2751,.F.);
#2751 = EDGE_LOOP('',(#2752,#2761,#2767,#2768));
#2752 = ORIENTED_EDGE('',*,*,#2753,.T.);
#2753 = EDGE_CURVE('',#2634,#2754,#2756,.T.);
#2754 = VERTEX_POINT('',#2755);
#2755 = CARTESIAN_POINT('',(1.01860561186,-1.1375,0.131127862311));
#2756 = CIRCLE('',#2757,4.6875E-02);
#2757 = AXIS2_PLACEMENT_3D('',#2758,#2759,#2760);
#2758 = CARTESIAN_POINT('',(1.064508444024,-1.1375,0.140625));
#2759 = DIRECTION('',(0.,1.,0.));
#2760 = DIRECTION('',(0.,-0.,1.));
#2761 = ORIENTED_EDGE('',*,*,#2762,.T.);
#2762 = EDGE_CURVE('',#2754,#2724,#2763,.T.);
#2763 = LINE('',#2764,#2765);
#2764 = CARTESIAN_POINT('',(1.01860561186,-1.1375,0.131127862311));
#2765 = VECTOR('',#2766,1.);
#2766 = DIRECTION('',(0.,1.,0.));
#2767 = ORIENTED_EDGE('',*,*,#2731,.F.);
#2768 = ORIENTED_EDGE('',*,*,#2633,.F.);
#2769 = CYLINDRICAL_SURFACE('',#2770,4.6875E-02);
#2770 = AXIS2_PLACEMENT_3D('',#2771,#2772,#2773);
#2771 = CARTESIAN_POINT('',(1.064508444024,-1.1375,0.140625));
#2772 = DIRECTION('',(0.,1.,0.));
#2773 = DIRECTION('',(0.,0.,-1.));
#2774 = ADVANCED_FACE('',(#2775),#2793,.T.);
#2775 = FACE_BOUND('',#2776,.T.);
#2776 = EDGE_LOOP('',(#2777,#2785,#2791,#2792));
#2777 = ORIENTED_EDGE('',*,*,#2778,.F.);
#2778 = EDGE_CURVE('',#2779,#2642,#2781,.T.);
#2779 = VERTEX_POINT('',#2780);
#2780 = CARTESIAN_POINT('',(1.4,-1.1375,0.));
#2781 = LINE('',#2782,#2783);
#2782 = CARTESIAN_POINT('',(1.4,-1.1375,0.));
#2783 = VECTOR('',#2784,1.);
#2784 = DIRECTION('',(0.,0.,1.));
#2785 = ORIENTED_EDGE('',*,*,#2786,.T.);
#2786 = EDGE_CURVE('',#2779,#2666,#2787,.T.);
#2787 = LINE('',#2788,#2789);
#2788 = CARTESIAN_POINT('',(1.4,-1.1375,0.));
#2789 = VECTOR('',#2790,1.);
#2790 = DIRECTION('',(0.,1.,0.));
#2791 = ORIENTED_EDGE('',*,*,#2739,.T.);
#2792 = ORIENTED_EDGE('',*,*,#2649,.F.);
#2793 = PLANE('',#2794);
#2794 = AXIS2_PLACEMENT_3D('',#2795,#2796,#2797);
#2795 = CARTESIAN_POINT('',(1.4,-1.1375,0.));
#2796 = DIRECTION('',(1.,0.,0.));
#2797 = DIRECTION('',(0.,0.,1.));
#2798 = ADVANCED_FACE('',(#2799),#2868,.T.);
#2799 = FACE_BOUND('',#2800,.T.);
#2800 = EDGE_LOOP('',(#2801,#2809,#2810,#2811,#2812,#2820,#2829,#2837,
    #2845,#2853,#2861));
#2801 = ORIENTED_EDGE('',*,*,#2802,.T.);
#2802 = EDGE_CURVE('',#2803,#2779,#2805,.T.);
#2803 = VERTEX_POINT('',#2804);
#2804 = CARTESIAN_POINT('',(0.988169481341,-1.1375,-6.938893903907E-18)
  );
#2805 = LINE('',#2806,#2807);
#2806 = CARTESIAN_POINT('',(0.95,-1.1375,0.));
#2807 = VECTOR('',#2808,1.);
#2808 = DIRECTION('',(1.,0.,0.));
#2809 = ORIENTED_EDGE('',*,*,#2778,.T.);
#2810 = ORIENTED_EDGE('',*,*,#2641,.F.);
#2811 = ORIENTED_EDGE('',*,*,#2753,.T.);
#2812 = ORIENTED_EDGE('',*,*,#2813,.T.);
#2813 = EDGE_CURVE('',#2754,#2814,#2816,.T.);
#2814 = VERTEX_POINT('',#2815);
#2815 = CARTESIAN_POINT('',(0.899539015152,-1.1375,0.706616413068));
#2816 = LINE('',#2817,#2818);
#2817 = CARTESIAN_POINT('',(1.041805664329,-1.1375,1.899427537837E-02));
#2818 = VECTOR('',#2819,1.);
#2819 = DIRECTION('',(-0.202605604036,0.,0.979260419507));
#2820 = ORIENTED_EDGE('',*,*,#2821,.T.);
#2821 = EDGE_CURVE('',#2814,#2822,#2824,.T.);
#2822 = VERTEX_POINT('',#2823);
#2823 = CARTESIAN_POINT('',(0.853636182987,-1.1375,0.743994275378));
#2824 = CIRCLE('',#2825,4.6875E-02);
#2825 = AXIS2_PLACEMENT_3D('',#2826,#2827,#2828);
#2826 = CARTESIAN_POINT('',(0.853636182987,-1.1375,0.697119275378));
#2827 = DIRECTION('',(0.,-1.,0.));
#2828 = DIRECTION('',(0.,0.,1.));
#2829 = ORIENTED_EDGE('',*,*,#2830,.F.);
#2830 = EDGE_CURVE('',#2831,#2822,#2833,.T.);
#2831 = VERTEX_POINT('',#2832);
#2832 = CARTESIAN_POINT('',(0.8,-1.1375,0.743994275378));
#2833 = LINE('',#2834,#2835);
#2834 = CARTESIAN_POINT('',(0.8,-1.1375,0.743994275378));
#2835 = VECTOR('',#2836,1.);
#2836 = DIRECTION('',(1.,0.,0.));
#2837 = ORIENTED_EDGE('',*,*,#2838,.F.);
#2838 = EDGE_CURVE('',#2839,#2831,#2841,.T.);
#2839 = VERTEX_POINT('',#2840);
#2840 = CARTESIAN_POINT('',(0.8,-1.1375,0.650244275378));
#2841 = LINE('',#2842,#2843);
#2842 = CARTESIAN_POINT('',(0.8,-1.1375,0.650244275378));
#2843 = VECTOR('',#2844,1.);
#2844 = DIRECTION('',(0.,0.,1.));
#2845 = ORIENTED_EDGE('',*,*,#2846,.T.);
#2846 = EDGE_CURVE('',#2839,#2847,#2849,.T.);
#2847 = VERTEX_POINT('',#2848);
#2848 = CARTESIAN_POINT('',(0.815466701646,-1.1375,0.650244275378));
#2849 = LINE('',#2850,#2851);
#2850 = CARTESIAN_POINT('',(0.8,-1.1375,0.650244275378));
#2851 = VECTOR('',#2852,1.);
#2852 = DIRECTION('',(1.,0.,0.));
#2853 = ORIENTED_EDGE('',*,*,#2854,.F.);
#2854 = EDGE_CURVE('',#2855,#2847,#2857,.T.);
#2855 = VERTEX_POINT('',#2856);
#2856 = CARTESIAN_POINT('',(0.942266649177,-1.1375,3.737786231081E-02));
#2857 = LINE('',#2858,#2859);
#2858 = CARTESIAN_POINT('',(0.95,-1.1375,0.));
#2859 = VECTOR('',#2860,1.);
#2860 = DIRECTION('',(-0.202605604036,0.,0.979260419507));
#2861 = ORIENTED_EDGE('',*,*,#2862,.F.);
#2862 = EDGE_CURVE('',#2803,#2855,#2863,.T.);
#2863 = CIRCLE('',#2864,4.6875E-02);
#2864 = AXIS2_PLACEMENT_3D('',#2865,#2866,#2867);
#2865 = CARTESIAN_POINT('',(0.988169481341,-1.1375,4.6875E-02));
#2866 = DIRECTION('',(0.,1.,0.));
#2867 = DIRECTION('',(0.,-0.,1.));
#2868 = PLANE('',#2869);
#2869 = AXIS2_PLACEMENT_3D('',#2870,#2871,#2872);
#2870 = CARTESIAN_POINT('',(1.022476876345,-1.1375,0.276792898763));
#2871 = DIRECTION('',(1.924939741013E-30,-1.,9.924455450031E-31));
#2872 = DIRECTION('',(-1.,-1.924939741013E-30,0.));
#2873 = ADVANCED_FACE('',(#2874),#2885,.F.);
#2874 = FACE_BOUND('',#2875,.F.);
#2875 = EDGE_LOOP('',(#2876,#2877,#2878,#2879));
#2876 = ORIENTED_EDGE('',*,*,#2802,.T.);
#2877 = ORIENTED_EDGE('',*,*,#2786,.T.);
#2878 = ORIENTED_EDGE('',*,*,#2663,.F.);
#2879 = ORIENTED_EDGE('',*,*,#2880,.F.);
#2880 = EDGE_CURVE('',#2803,#2664,#2881,.T.);
#2881 = LINE('',#2882,#2883);
#2882 = CARTESIAN_POINT('',(0.988169481341,-1.1375,-6.938893903907E-18)
  );
#2883 = VECTOR('',#2884,1.);
#2884 = DIRECTION('',(0.,1.,0.));
#2885 = PLANE('',#2886);
#2886 = AXIS2_PLACEMENT_3D('',#2887,#2888,#2889);
#2887 = CARTESIAN_POINT('',(0.95,-1.1375,0.));
#2888 = DIRECTION('',(0.,0.,1.));
#2889 = DIRECTION('',(1.,0.,-0.));
#2890 = ADVANCED_FACE('',(#2891),#2902,.T.);
#2891 = FACE_BOUND('',#2892,.T.);
#2892 = EDGE_LOOP('',(#2893,#2894,#2900,#2901));
#2893 = ORIENTED_EDGE('',*,*,#2862,.T.);
#2894 = ORIENTED_EDGE('',*,*,#2895,.T.);
#2895 = EDGE_CURVE('',#2855,#2674,#2896,.T.);
#2896 = LINE('',#2897,#2898);
#2897 = CARTESIAN_POINT('',(0.942266649177,-1.1375,3.737786231081E-02));
#2898 = VECTOR('',#2899,1.);
#2899 = DIRECTION('',(0.,1.,0.));
#2900 = ORIENTED_EDGE('',*,*,#2673,.F.);
#2901 = ORIENTED_EDGE('',*,*,#2880,.F.);
#2902 = CYLINDRICAL_SURFACE('',#2903,4.6875E-02);
#2903 = AXIS2_PLACEMENT_3D('',#2904,#2905,#2906);
#2904 = CARTESIAN_POINT('',(0.988169481341,-1.1375,4.6875E-02));
#2905 = DIRECTION('',(0.,1.,0.));
#2906 = DIRECTION('',(0.,0.,-1.));
#2907 = ADVANCED_FACE('',(#2908),#2919,.F.);
#2908 = FACE_BOUND('',#2909,.F.);
#2909 = EDGE_LOOP('',(#2910,#2911,#2912,#2913));
#2910 = ORIENTED_EDGE('',*,*,#2854,.F.);
#2911 = ORIENTED_EDGE('',*,*,#2895,.T.);
#2912 = ORIENTED_EDGE('',*,*,#2682,.T.);
#2913 = ORIENTED_EDGE('',*,*,#2914,.F.);
#2914 = EDGE_CURVE('',#2847,#2683,#2915,.T.);
#2915 = LINE('',#2916,#2917);
#2916 = CARTESIAN_POINT('',(0.815466701646,-1.1375,0.650244275378));
#2917 = VECTOR('',#2918,1.);
#2918 = DIRECTION('',(0.,1.,0.));
#2919 = PLANE('',#2920);
#2920 = AXIS2_PLACEMENT_3D('',#2921,#2922,#2923);
#2921 = CARTESIAN_POINT('',(0.95,-1.1375,0.));
#2922 = DIRECTION('',(0.979260419507,0.,0.202605604036));
#2923 = DIRECTION('',(-0.202605604036,0.,0.979260419507));
#2924 = ADVANCED_FACE('',(#2925),#2936,.F.);
#2925 = FACE_BOUND('',#2926,.F.);
#2926 = EDGE_LOOP('',(#2927,#2928,#2934,#2935));
#2927 = ORIENTED_EDGE('',*,*,#2690,.F.);
#2928 = ORIENTED_EDGE('',*,*,#2929,.F.);
#2929 = EDGE_CURVE('',#2839,#2691,#2930,.T.);
#2930 = LINE('',#2931,#2932);
#2931 = CARTESIAN_POINT('',(0.8,-1.1375,0.650244275378));
#2932 = VECTOR('',#2933,1.);
#2933 = DIRECTION('',(0.,1.,0.));
#2934 = ORIENTED_EDGE('',*,*,#2846,.T.);
#2935 = ORIENTED_EDGE('',*,*,#2914,.T.);
#2936 = PLANE('',#2937);
#2937 = AXIS2_PLACEMENT_3D('',#2938,#2939,#2940);
#2938 = CARTESIAN_POINT('',(0.8,-1.1375,0.650244275378));
#2939 = DIRECTION('',(0.,0.,1.));
#2940 = DIRECTION('',(1.,0.,-0.));
#2941 = ADVANCED_FACE('',(#2942),#2953,.F.);
#2942 = FACE_BOUND('',#2943,.T.);
#2943 = EDGE_LOOP('',(#2944,#2945,#2951,#2952));
#2944 = ORIENTED_EDGE('',*,*,#2838,.T.);
#2945 = ORIENTED_EDGE('',*,*,#2946,.T.);
#2946 = EDGE_CURVE('',#2831,#2699,#2947,.T.);
#2947 = LINE('',#2948,#2949);
#2948 = CARTESIAN_POINT('',(0.8,-1.1375,0.743994275378));
#2949 = VECTOR('',#2950,1.);
#2950 = DIRECTION('',(0.,1.,0.));
#2951 = ORIENTED_EDGE('',*,*,#2698,.F.);
#2952 = ORIENTED_EDGE('',*,*,#2929,.F.);
#2953 = PLANE('',#2954);
#2954 = AXIS2_PLACEMENT_3D('',#2955,#2956,#2957);
#2955 = CARTESIAN_POINT('',(0.8,-1.1375,0.650244275378));
#2956 = DIRECTION('',(1.,0.,0.));
#2957 = DIRECTION('',(0.,0.,1.));
#2958 = ADVANCED_FACE('',(#2959),#2970,.T.);
#2959 = FACE_BOUND('',#2960,.T.);
#2960 = EDGE_LOOP('',(#2961,#2962,#2963,#2964));
#2961 = ORIENTED_EDGE('',*,*,#2813,.F.);
#2962 = ORIENTED_EDGE('',*,*,#2762,.T.);
#2963 = ORIENTED_EDGE('',*,*,#2723,.T.);
#2964 = ORIENTED_EDGE('',*,*,#2965,.F.);
#2965 = EDGE_CURVE('',#2814,#2715,#2966,.T.);
#2966 = LINE('',#2967,#2968);
#2967 = CARTESIAN_POINT('',(0.899539015152,-1.1375,0.706616413068));
#2968 = VECTOR('',#2969,1.);
#2969 = DIRECTION('',(0.,1.,0.));
#2970 = PLANE('',#2971);
#2971 = AXIS2_PLACEMENT_3D('',#2972,#2973,#2974);
#2972 = CARTESIAN_POINT('',(1.041805664329,-1.1375,1.899427537837E-02));
#2973 = DIRECTION('',(0.979260419507,0.,0.202605604036));
#2974 = DIRECTION('',(-0.202605604036,0.,0.979260419507));
#2975 = ADVANCED_FACE('',(#2976),#2987,.T.);
#2976 = FACE_BOUND('',#2977,.T.);
#2977 = EDGE_LOOP('',(#2978,#2979,#2980,#2981));
#2978 = ORIENTED_EDGE('',*,*,#2706,.F.);
#2979 = ORIENTED_EDGE('',*,*,#2946,.F.);
#2980 = ORIENTED_EDGE('',*,*,#2830,.T.);
#2981 = ORIENTED_EDGE('',*,*,#2982,.T.);
#2982 = EDGE_CURVE('',#2822,#2707,#2983,.T.);
#2983 = LINE('',#2984,#2985);
#2984 = CARTESIAN_POINT('',(0.853636182987,-1.1375,0.743994275378));
#2985 = VECTOR('',#2986,1.);
#2986 = DIRECTION('',(0.,1.,0.));
#2987 = PLANE('',#2988);
#2988 = AXIS2_PLACEMENT_3D('',#2989,#2990,#2991);
#2989 = CARTESIAN_POINT('',(0.8,-1.1375,0.743994275378));
#2990 = DIRECTION('',(0.,0.,1.));
#2991 = DIRECTION('',(1.,0.,-0.));
#2992 = ADVANCED_FACE('',(#2993),#2999,.T.);
#2993 = FACE_BOUND('',#2994,.T.);
#2994 = EDGE_LOOP('',(#2995,#2996,#2997,#2998));
#2995 = ORIENTED_EDGE('',*,*,#2965,.T.);
#2996 = ORIENTED_EDGE('',*,*,#2714,.T.);
#2997 = ORIENTED_EDGE('',*,*,#2982,.F.);
#2998 = ORIENTED_EDGE('',*,*,#2821,.F.);
#2999 = CYLINDRICAL_SURFACE('',#3000,4.6875E-02);
#3000 = AXIS2_PLACEMENT_3D('',#3001,#3002,#3003);
#3001 = CARTESIAN_POINT('',(0.853636182987,-1.1375,0.697119275378));
#3002 = DIRECTION('',(0.,1.,0.));
#3003 = DIRECTION('',(0.979260419507,-0.,0.202605604036));
#3004 = ( GEOMETRIC_REPRESENTATION_CONTEXT(3) 
GLOBAL_UNCERTAINTY_ASSIGNED_CONTEXT((#3008)) 
GLOBAL_UNIT_ASSIGNED_CONTEXT((#3005,#3006,#3007)) REPRESENTATION_CONTEXT
('Context #1','3D Context with UNIT and UNCERTAINTY') );
#3005 = ( LENGTH_UNIT() NAMED_UNIT(*) SI_UNIT(.MILLI.,.METRE.) );
#3006 = ( NAMED_UNIT(*) PLANE_ANGLE_UNIT() SI_UNIT($,.RADIAN.) );
#3007 = ( NAMED_UNIT(*) SI_UNIT($,.STERADIAN.) SOLID_ANGLE_UNIT() );
#3008 = UNCERTAINTY_MEASURE_WITH_UNIT(LENGTH_MEASURE(1.E-07),#3005,
  'distance_accuracy_value','confusion accuracy');
#3009 = CONTEXT_DEPENDENT_SHAPE_REPRESENTATION(#3010,#3012);
#3010 = ( REPRESENTATION_RELATIONSHIP('','',#681,#48) 
REPRESENTATION_RELATIONSHIP_WITH_TRANSFORMATION(#3011) 
SHAPE_REPRESENTATION_RELATIONSHIP() );
#3011 = ITEM_DEFINED_TRANSFORMATION('','',#11,#53);
#3012 = PRODUCT_DEFINITION_SHAPE('Placement','Placement of an item',
  #3013);
#3013 = NEXT_ASSEMBLY_USAGE_OCCURRENCE('2','=>[0:1:1:3]','',#43,#676,$);
#3014 = PRODUCT_RELATED_PRODUCT_CATEGORY('part',$,(#678));
#3015 = SHAPE_DEFINITION_REPRESENTATION(#3016,#3022);
#3016 = PRODUCT_DEFINITION_SHAPE('','',#3017);
#3017 = PRODUCT_DEFINITION('design','',#3018,#3021);
#3018 = PRODUCT_DEFINITION_FORMATION('','',#3019);
#3019 = PRODUCT('C_0402_1005Metric','C_0402_1005Metric','',(#3020));
#3020 = PRODUCT_CONTEXT('',#2,'mechanical');
#3021 = PRODUCT_DEFINITION_CONTEXT('part definition',#2,'design');
#3022 = ADVANCED_BREP_SHAPE_REPRESENTATION('',(#11,#3023),#3877);
#3023 = MANIFOLD_SOLID_BREP('',#3024);
#3024 = CLOSED_SHELL('',(#3025,#3101,#3132,#3157,#3182,#3206,#3230,#3255
    ,#3280,#3297,#3383,#3415,#3439,#3464,#3488,#3513,#3537,#3562,#3579,
    #3665,#3696,#3721,#3746,#3770,#3794,#3819,#3844,#3861));
#3025 = ADVANCED_FACE('',(#3026),#3096,.F.);
#3026 = FACE_BOUND('',#3027,.F.);
#3027 = EDGE_LOOP('',(#3028,#3038,#3047,#3055,#3064,#3072,#3081,#3089));
#3028 = ORIENTED_EDGE('',*,*,#3029,.F.);
#3029 = EDGE_CURVE('',#3030,#3032,#3034,.T.);
#3030 = VERTEX_POINT('',#3031);
#3031 = CARTESIAN_POINT('',(-0.5,-0.25,2.E-02));
#3032 = VERTEX_POINT('',#3033);
#3033 = CARTESIAN_POINT('',(-0.5,-0.25,0.48));
#3034 = LINE('',#3035,#3036);
#3035 = CARTESIAN_POINT('',(-0.5,-0.25,0.));
#3036 = VECTOR('',#3037,1.);
#3037 = DIRECTION('',(0.,0.,1.));
#3038 = ORIENTED_EDGE('',*,*,#3039,.T.);
#3039 = EDGE_CURVE('',#3030,#3040,#3042,.T.);
#3040 = VERTEX_POINT('',#3041);
#3041 = CARTESIAN_POINT('',(-0.5,-0.23,0.));
#3042 = CIRCLE('',#3043,2.E-02);
#3043 = AXIS2_PLACEMENT_3D('',#3044,#3045,#3046);
#3044 = CARTESIAN_POINT('',(-0.5,-0.23,2.E-02));
#3045 = DIRECTION('',(1.,0.,-0.));
#3046 = DIRECTION('',(0.,0.,1.));
#3047 = ORIENTED_EDGE('',*,*,#3048,.T.);
#3048 = EDGE_CURVE('',#3040,#3049,#3051,.T.);
#3049 = VERTEX_POINT('',#3050);
#3050 = CARTESIAN_POINT('',(-0.5,0.23,0.));
#3051 = LINE('',#3052,#3053);
#3052 = CARTESIAN_POINT('',(-0.5,-0.25,0.));
#3053 = VECTOR('',#3054,1.);
#3054 = DIRECTION('',(0.,1.,0.));
#3055 = ORIENTED_EDGE('',*,*,#3056,.F.);
#3056 = EDGE_CURVE('',#3057,#3049,#3059,.T.);
#3057 = VERTEX_POINT('',#3058);
#3058 = CARTESIAN_POINT('',(-0.5,0.25,2.E-02));
#3059 = CIRCLE('',#3060,2.E-02);
#3060 = AXIS2_PLACEMENT_3D('',#3061,#3062,#3063);
#3061 = CARTESIAN_POINT('',(-0.5,0.23,2.E-02));
#3062 = DIRECTION('',(-1.,0.,0.));
#3063 = DIRECTION('',(0.,0.,1.));
#3064 = ORIENTED_EDGE('',*,*,#3065,.T.);
#3065 = EDGE_CURVE('',#3057,#3066,#3068,.T.);
#3066 = VERTEX_POINT('',#3067);
#3067 = CARTESIAN_POINT('',(-0.5,0.25,0.48));
#3068 = LINE('',#3069,#3070);
#3069 = CARTESIAN_POINT('',(-0.5,0.25,0.));
#3070 = VECTOR('',#3071,1.);
#3071 = DIRECTION('',(0.,0.,1.));
#3072 = ORIENTED_EDGE('',*,*,#3073,.T.);
#3073 = EDGE_CURVE('',#3066,#3074,#3076,.T.);
#3074 = VERTEX_POINT('',#3075);
#3075 = CARTESIAN_POINT('',(-0.5,0.23,0.5));
#3076 = CIRCLE('',#3077,2.E-02);
#3077 = AXIS2_PLACEMENT_3D('',#3078,#3079,#3080);
#3078 = CARTESIAN_POINT('',(-0.5,0.23,0.48));
#3079 = DIRECTION('',(1.,0.,-0.));
#3080 = DIRECTION('',(0.,0.,1.));
#3081 = ORIENTED_EDGE('',*,*,#3082,.F.);
#3082 = EDGE_CURVE('',#3083,#3074,#3085,.T.);
#3083 = VERTEX_POINT('',#3084);
#3084 = CARTESIAN_POINT('',(-0.5,-0.23,0.5));
#3085 = LINE('',#3086,#3087);
#3086 = CARTESIAN_POINT('',(-0.5,-0.25,0.5));
#3087 = VECTOR('',#3088,1.);
#3088 = DIRECTION('',(0.,1.,0.));
#3089 = ORIENTED_EDGE('',*,*,#3090,.F.);
#3090 = EDGE_CURVE('',#3032,#3083,#3091,.T.);
#3091 = CIRCLE('',#3092,2.E-02);
#3092 = AXIS2_PLACEMENT_3D('',#3093,#3094,#3095);
#3093 = CARTESIAN_POINT('',(-0.5,-0.23,0.48));
#3094 = DIRECTION('',(-1.,0.,0.));
#3095 = DIRECTION('',(0.,0.,1.));
#3096 = PLANE('',#3097);
#3097 = AXIS2_PLACEMENT_3D('',#3098,#3099,#3100);
#3098 = CARTESIAN_POINT('',(-0.5,-0.25,0.));
#3099 = DIRECTION('',(1.,0.,0.));
#3100 = DIRECTION('',(0.,0.,1.));
#3101 = ADVANCED_FACE('',(#3102),#3127,.F.);
#3102 = FACE_BOUND('',#3103,.F.);
#3103 = EDGE_LOOP('',(#3104,#3114,#3120,#3121));
#3104 = ORIENTED_EDGE('',*,*,#3105,.F.);
#3105 = EDGE_CURVE('',#3106,#3108,#3110,.T.);
#3106 = VERTEX_POINT('',#3107);
#3107 = CARTESIAN_POINT('',(-0.3,-0.25,2.E-02));
#3108 = VERTEX_POINT('',#3109);
#3109 = CARTESIAN_POINT('',(-0.3,-0.25,0.48));
#3110 = LINE('',#3111,#3112);
#3111 = CARTESIAN_POINT('',(-0.3,-0.25,0.));
#3112 = VECTOR('',#3113,1.);
#3113 = DIRECTION('',(0.,0.,1.));
#3114 = ORIENTED_EDGE('',*,*,#3115,.F.);
#3115 = EDGE_CURVE('',#3030,#3106,#3116,.T.);
#3116 = LINE('',#3117,#3118);
#3117 = CARTESIAN_POINT('',(-0.5,-0.25,2.E-02));
#3118 = VECTOR('',#3119,1.);
#3119 = DIRECTION('',(1.,0.,0.));
#3120 = ORIENTED_EDGE('',*,*,#3029,.T.);
#3121 = ORIENTED_EDGE('',*,*,#3122,.T.);
#3122 = EDGE_CURVE('',#3032,#3108,#3123,.T.);
#3123 = LINE('',#3124,#3125);
#3124 = CARTESIAN_POINT('',(-0.5,-0.25,0.48));
#3125 = VECTOR('',#3126,1.);
#3126 = DIRECTION('',(1.,0.,0.));
#3127 = PLANE('',#3128);
#3128 = AXIS2_PLACEMENT_3D('',#3129,#3130,#3131);
#3129 = CARTESIAN_POINT('',(-0.5,-0.25,0.));
#3130 = DIRECTION('',(0.,1.,0.));
#3131 = DIRECTION('',(0.,-0.,1.));
#3132 = ADVANCED_FACE('',(#3133),#3152,.T.);
#3133 = FACE_BOUND('',#3134,.T.);
#3134 = EDGE_LOOP('',(#3135,#3136,#3144,#3151));
#3135 = ORIENTED_EDGE('',*,*,#3039,.T.);
#3136 = ORIENTED_EDGE('',*,*,#3137,.T.);
#3137 = EDGE_CURVE('',#3040,#3138,#3140,.T.);
#3138 = VERTEX_POINT('',#3139);
#3139 = CARTESIAN_POINT('',(-0.3,-0.23,0.));
#3140 = LINE('',#3141,#3142);
#3141 = CARTESIAN_POINT('',(-0.5,-0.23,0.));
#3142 = VECTOR('',#3143,1.);
#3143 = DIRECTION('',(1.,0.,0.));
#3144 = ORIENTED_EDGE('',*,*,#3145,.F.);
#3145 = EDGE_CURVE('',#3106,#3138,#3146,.T.);
#3146 = CIRCLE('',#3147,2.E-02);
#3147 = AXIS2_PLACEMENT_3D('',#3148,#3149,#3150);
#3148 = CARTESIAN_POINT('',(-0.3,-0.23,2.E-02));
#3149 = DIRECTION('',(1.,0.,-0.));
#3150 = DIRECTION('',(0.,0.,1.));
#3151 = ORIENTED_EDGE('',*,*,#3115,.F.);
#3152 = CYLINDRICAL_SURFACE('',#3153,2.E-02);
#3153 = AXIS2_PLACEMENT_3D('',#3154,#3155,#3156);
#3154 = CARTESIAN_POINT('',(-0.5,-0.23,2.E-02));
#3155 = DIRECTION('',(1.,0.,0.));
#3156 = DIRECTION('',(0.,-1.,0.));
#3157 = ADVANCED_FACE('',(#3158),#3177,.T.);
#3158 = FACE_BOUND('',#3159,.T.);
#3159 = EDGE_LOOP('',(#3160,#3161,#3170,#3176));
#3160 = ORIENTED_EDGE('',*,*,#3122,.T.);
#3161 = ORIENTED_EDGE('',*,*,#3162,.T.);
#3162 = EDGE_CURVE('',#3108,#3163,#3165,.T.);
#3163 = VERTEX_POINT('',#3164);
#3164 = CARTESIAN_POINT('',(-0.3,-0.23,0.5));
#3165 = CIRCLE('',#3166,2.E-02);
#3166 = AXIS2_PLACEMENT_3D('',#3167,#3168,#3169);
#3167 = CARTESIAN_POINT('',(-0.3,-0.23,0.48));
#3168 = DIRECTION('',(-1.,0.,0.));
#3169 = DIRECTION('',(0.,0.,1.));
#3170 = ORIENTED_EDGE('',*,*,#3171,.F.);
#3171 = EDGE_CURVE('',#3083,#3163,#3172,.T.);
#3172 = LINE('',#3173,#3174);
#3173 = CARTESIAN_POINT('',(-0.5,-0.23,0.5));
#3174 = VECTOR('',#3175,1.);
#3175 = DIRECTION('',(1.,0.,0.));
#3176 = ORIENTED_EDGE('',*,*,#3090,.F.);
#3177 = CYLINDRICAL_SURFACE('',#3178,2.E-02);
#3178 = AXIS2_PLACEMENT_3D('',#3179,#3180,#3181);
#3179 = CARTESIAN_POINT('',(-0.5,-0.23,0.48));
#3180 = DIRECTION('',(1.,0.,0.));
#3181 = DIRECTION('',(0.,-1.,0.));
#3182 = ADVANCED_FACE('',(#3183),#3201,.F.);
#3183 = FACE_BOUND('',#3184,.F.);
#3184 = EDGE_LOOP('',(#3185,#3186,#3187,#3195));
#3185 = ORIENTED_EDGE('',*,*,#3048,.F.);
#3186 = ORIENTED_EDGE('',*,*,#3137,.T.);
#3187 = ORIENTED_EDGE('',*,*,#3188,.T.);
#3188 = EDGE_CURVE('',#3138,#3189,#3191,.T.);
#3189 = VERTEX_POINT('',#3190);
#3190 = CARTESIAN_POINT('',(-0.3,0.23,0.));
#3191 = LINE('',#3192,#3193);
#3192 = CARTESIAN_POINT('',(-0.3,-0.25,0.));
#3193 = VECTOR('',#3194,1.);
#3194 = DIRECTION('',(0.,1.,0.));
#3195 = ORIENTED_EDGE('',*,*,#3196,.F.);
#3196 = EDGE_CURVE('',#3049,#3189,#3197,.T.);
#3197 = LINE('',#3198,#3199);
#3198 = CARTESIAN_POINT('',(-0.5,0.23,0.));
#3199 = VECTOR('',#3200,1.);
#3200 = DIRECTION('',(1.,0.,0.));
#3201 = PLANE('',#3202);
#3202 = AXIS2_PLACEMENT_3D('',#3203,#3204,#3205);
#3203 = CARTESIAN_POINT('',(-0.5,-0.25,0.));
#3204 = DIRECTION('',(0.,0.,1.));
#3205 = DIRECTION('',(1.,0.,-0.));
#3206 = ADVANCED_FACE('',(#3207),#3225,.T.);
#3207 = FACE_BOUND('',#3208,.T.);
#3208 = EDGE_LOOP('',(#3209,#3210,#3211,#3219));
#3209 = ORIENTED_EDGE('',*,*,#3082,.F.);
#3210 = ORIENTED_EDGE('',*,*,#3171,.T.);
#3211 = ORIENTED_EDGE('',*,*,#3212,.T.);
#3212 = EDGE_CURVE('',#3163,#3213,#3215,.T.);
#3213 = VERTEX_POINT('',#3214);
#3214 = CARTESIAN_POINT('',(-0.3,0.23,0.5));
#3215 = LINE('',#3216,#3217);
#3216 = CARTESIAN_POINT('',(-0.3,-0.25,0.5));
#3217 = VECTOR('',#3218,1.);
#3218 = DIRECTION('',(0.,1.,0.));
#3219 = ORIENTED_EDGE('',*,*,#3220,.F.);
#3220 = EDGE_CURVE('',#3074,#3213,#3221,.T.);
#3221 = LINE('',#3222,#3223);
#3222 = CARTESIAN_POINT('',(-0.5,0.23,0.5));
#3223 = VECTOR('',#3224,1.);
#3224 = DIRECTION('',(1.,0.,0.));
#3225 = PLANE('',#3226);
#3226 = AXIS2_PLACEMENT_3D('',#3227,#3228,#3229);
#3227 = CARTESIAN_POINT('',(-0.5,-0.25,0.5));
#3228 = DIRECTION('',(0.,0.,1.));
#3229 = DIRECTION('',(1.,0.,-0.));
#3230 = ADVANCED_FACE('',(#3231),#3250,.T.);
#3231 = FACE_BOUND('',#3232,.T.);
#3232 = EDGE_LOOP('',(#3233,#3241,#3248,#3249));
#3233 = ORIENTED_EDGE('',*,*,#3234,.T.);
#3234 = EDGE_CURVE('',#3057,#3235,#3237,.T.);
#3235 = VERTEX_POINT('',#3236);
#3236 = CARTESIAN_POINT('',(-0.3,0.25,2.E-02));
#3237 = LINE('',#3238,#3239);
#3238 = CARTESIAN_POINT('',(-0.5,0.25,2.E-02));
#3239 = VECTOR('',#3240,1.);
#3240 = DIRECTION('',(1.,0.,0.));
#3241 = ORIENTED_EDGE('',*,*,#3242,.T.);
#3242 = EDGE_CURVE('',#3235,#3189,#3243,.T.);
#3243 = CIRCLE('',#3244,2.E-02);
#3244 = AXIS2_PLACEMENT_3D('',#3245,#3246,#3247);
#3245 = CARTESIAN_POINT('',(-0.3,0.23,2.E-02));
#3246 = DIRECTION('',(-1.,0.,0.));
#3247 = DIRECTION('',(0.,0.,1.));
#3248 = ORIENTED_EDGE('',*,*,#3196,.F.);
#3249 = ORIENTED_EDGE('',*,*,#3056,.F.);
#3250 = CYLINDRICAL_SURFACE('',#3251,2.E-02);
#3251 = AXIS2_PLACEMENT_3D('',#3252,#3253,#3254);
#3252 = CARTESIAN_POINT('',(-0.5,0.23,2.E-02));
#3253 = DIRECTION('',(1.,0.,0.));
#3254 = DIRECTION('',(-0.,1.,0.));
#3255 = ADVANCED_FACE('',(#3256),#3275,.T.);
#3256 = FACE_BOUND('',#3257,.T.);
#3257 = EDGE_LOOP('',(#3258,#3259,#3260,#3269));
#3258 = ORIENTED_EDGE('',*,*,#3073,.T.);
#3259 = ORIENTED_EDGE('',*,*,#3220,.T.);
#3260 = ORIENTED_EDGE('',*,*,#3261,.F.);
#3261 = EDGE_CURVE('',#3262,#3213,#3264,.T.);
#3262 = VERTEX_POINT('',#3263);
#3263 = CARTESIAN_POINT('',(-0.3,0.25,0.48));
#3264 = CIRCLE('',#3265,2.E-02);
#3265 = AXIS2_PLACEMENT_3D('',#3266,#3267,#3268);
#3266 = CARTESIAN_POINT('',(-0.3,0.23,0.48));
#3267 = DIRECTION('',(1.,0.,-0.));
#3268 = DIRECTION('',(0.,0.,1.));
#3269 = ORIENTED_EDGE('',*,*,#3270,.F.);
#3270 = EDGE_CURVE('',#3066,#3262,#3271,.T.);
#3271 = LINE('',#3272,#3273);
#3272 = CARTESIAN_POINT('',(-0.5,0.25,0.48));
#3273 = VECTOR('',#3274,1.);
#3274 = DIRECTION('',(1.,0.,0.));
#3275 = CYLINDRICAL_SURFACE('',#3276,2.E-02);
#3276 = AXIS2_PLACEMENT_3D('',#3277,#3278,#3279);
#3277 = CARTESIAN_POINT('',(-0.5,0.23,0.48));
#3278 = DIRECTION('',(1.,0.,0.));
#3279 = DIRECTION('',(-0.,1.,0.));
#3280 = ADVANCED_FACE('',(#3281),#3292,.T.);
#3281 = FACE_BOUND('',#3282,.T.);
#3282 = EDGE_LOOP('',(#3283,#3289,#3290,#3291));
#3283 = ORIENTED_EDGE('',*,*,#3284,.F.);
#3284 = EDGE_CURVE('',#3235,#3262,#3285,.T.);
#3285 = LINE('',#3286,#3287);
#3286 = CARTESIAN_POINT('',(-0.3,0.25,0.));
#3287 = VECTOR('',#3288,1.);
#3288 = DIRECTION('',(0.,0.,1.));
#3289 = ORIENTED_EDGE('',*,*,#3234,.F.);
#3290 = ORIENTED_EDGE('',*,*,#3065,.T.);
#3291 = ORIENTED_EDGE('',*,*,#3270,.T.);
#3292 = PLANE('',#3293);
#3293 = AXIS2_PLACEMENT_3D('',#3294,#3295,#3296);
#3294 = CARTESIAN_POINT('',(-0.5,0.25,0.));
#3295 = DIRECTION('',(0.,1.,0.));
#3296 = DIRECTION('',(0.,-0.,1.));
#3297 = ADVANCED_FACE('',(#3298,#3308),#3378,.T.);
#3298 = FACE_BOUND('',#3299,.T.);
#3299 = EDGE_LOOP('',(#3300,#3301,#3302,#3303,#3304,#3305,#3306,#3307));
#3300 = ORIENTED_EDGE('',*,*,#3105,.F.);
#3301 = ORIENTED_EDGE('',*,*,#3145,.T.);
#3302 = ORIENTED_EDGE('',*,*,#3188,.T.);
#3303 = ORIENTED_EDGE('',*,*,#3242,.F.);
#3304 = ORIENTED_EDGE('',*,*,#3284,.T.);
#3305 = ORIENTED_EDGE('',*,*,#3261,.T.);
#3306 = ORIENTED_EDGE('',*,*,#3212,.F.);
#3307 = ORIENTED_EDGE('',*,*,#3162,.F.);
#3308 = FACE_BOUND('',#3309,.T.);
#3309 = EDGE_LOOP('',(#3310,#3321,#3329,#3338,#3346,#3355,#3363,#3372));
#3310 = ORIENTED_EDGE('',*,*,#3311,.F.);
#3311 = EDGE_CURVE('',#3312,#3314,#3316,.T.);
#3312 = VERTEX_POINT('',#3313);
#3313 = CARTESIAN_POINT('',(-0.3,-0.23,4.E-02));
#3314 = VERTEX_POINT('',#3315);
#3315 = CARTESIAN_POINT('',(-0.3,-0.21,2.E-02));
#3316 = CIRCLE('',#3317,2.E-02);
#3317 = AXIS2_PLACEMENT_3D('',#3318,#3319,#3320);
#3318 = CARTESIAN_POINT('',(-0.3,-0.21,4.E-02));
#3319 = DIRECTION('',(1.,0.,-0.));
#3320 = DIRECTION('',(0.,0.,1.));
#3321 = ORIENTED_EDGE('',*,*,#3322,.T.);
#3322 = EDGE_CURVE('',#3312,#3323,#3325,.T.);
#3323 = VERTEX_POINT('',#3324);
#3324 = CARTESIAN_POINT('',(-0.3,-0.23,0.46));
#3325 = LINE('',#3326,#3327);
#3326 = CARTESIAN_POINT('',(-0.3,-0.23,2.E-02));
#3327 = VECTOR('',#3328,1.);
#3328 = DIRECTION('',(0.,0.,1.));
#3329 = ORIENTED_EDGE('',*,*,#3330,.T.);
#3330 = EDGE_CURVE('',#3323,#3331,#3333,.T.);
#3331 = VERTEX_POINT('',#3332);
#3332 = CARTESIAN_POINT('',(-0.3,-0.21,0.48));
#3333 = CIRCLE('',#3334,2.E-02);
#3334 = AXIS2_PLACEMENT_3D('',#3335,#3336,#3337);
#3335 = CARTESIAN_POINT('',(-0.3,-0.21,0.46));
#3336 = DIRECTION('',(-1.,0.,0.));
#3337 = DIRECTION('',(0.,0.,1.));
#3338 = ORIENTED_EDGE('',*,*,#3339,.T.);
#3339 = EDGE_CURVE('',#3331,#3340,#3342,.T.);
#3340 = VERTEX_POINT('',#3341);
#3341 = CARTESIAN_POINT('',(-0.3,0.21,0.48));
#3342 = LINE('',#3343,#3344);
#3343 = CARTESIAN_POINT('',(-0.3,-0.23,0.48));
#3344 = VECTOR('',#3345,1.);
#3345 = DIRECTION('',(0.,1.,0.));
#3346 = ORIENTED_EDGE('',*,*,#3347,.F.);
#3347 = EDGE_CURVE('',#3348,#3340,#3350,.T.);
#3348 = VERTEX_POINT('',#3349);
#3349 = CARTESIAN_POINT('',(-0.3,0.23,0.46));
#3350 = CIRCLE('',#3351,2.E-02);
#3351 = AXIS2_PLACEMENT_3D('',#3352,#3353,#3354);
#3352 = CARTESIAN_POINT('',(-0.3,0.21,0.46));
#3353 = DIRECTION('',(1.,0.,-0.));
#3354 = DIRECTION('',(0.,0.,1.));
#3355 = ORIENTED_EDGE('',*,*,#3356,.F.);
#3356 = EDGE_CURVE('',#3357,#3348,#3359,.T.);
#3357 = VERTEX_POINT('',#3358);
#3358 = CARTESIAN_POINT('',(-0.3,0.23,4.E-02));
#3359 = LINE('',#3360,#3361);
#3360 = CARTESIAN_POINT('',(-0.3,0.23,2.E-02));
#3361 = VECTOR('',#3362,1.);
#3362 = DIRECTION('',(0.,0.,1.));
#3363 = ORIENTED_EDGE('',*,*,#3364,.T.);
#3364 = EDGE_CURVE('',#3357,#3365,#3367,.T.);
#3365 = VERTEX_POINT('',#3366);
#3366 = CARTESIAN_POINT('',(-0.3,0.21,2.E-02));
#3367 = CIRCLE('',#3368,2.E-02);
#3368 = AXIS2_PLACEMENT_3D('',#3369,#3370,#3371);
#3369 = CARTESIAN_POINT('',(-0.3,0.21,4.E-02));
#3370 = DIRECTION('',(-1.,0.,0.));
#3371 = DIRECTION('',(0.,0.,1.));
#3372 = ORIENTED_EDGE('',*,*,#3373,.F.);
#3373 = EDGE_CURVE('',#3314,#3365,#3374,.T.);
#3374 = LINE('',#3375,#3376);
#3375 = CARTESIAN_POINT('',(-0.3,-0.23,2.E-02));
#3376 = VECTOR('',#3377,1.);
#3377 = DIRECTION('',(0.,1.,0.));
#3378 = PLANE('',#3379);
#3379 = AXIS2_PLACEMENT_3D('',#3380,#3381,#3382);
#3380 = CARTESIAN_POINT('',(-0.3,-0.25,0.));
#3381 = DIRECTION('',(1.,0.,0.));
#3382 = DIRECTION('',(0.,0.,1.));
#3383 = ADVANCED_FACE('',(#3384),#3410,.T.);
#3384 = FACE_BOUND('',#3385,.T.);
#3385 = EDGE_LOOP('',(#3386,#3387,#3395,#3404));
#3386 = ORIENTED_EDGE('',*,*,#3311,.T.);
#3387 = ORIENTED_EDGE('',*,*,#3388,.T.);
#3388 = EDGE_CURVE('',#3314,#3389,#3391,.T.);
#3389 = VERTEX_POINT('',#3390);
#3390 = CARTESIAN_POINT('',(0.3,-0.21,2.E-02));
#3391 = LINE('',#3392,#3393);
#3392 = CARTESIAN_POINT('',(-0.3,-0.21,2.E-02));
#3393 = VECTOR('',#3394,1.);
#3394 = DIRECTION('',(1.,0.,0.));
#3395 = ORIENTED_EDGE('',*,*,#3396,.F.);
#3396 = EDGE_CURVE('',#3397,#3389,#3399,.T.);
#3397 = VERTEX_POINT('',#3398);
#3398 = CARTESIAN_POINT('',(0.3,-0.23,4.E-02));
#3399 = CIRCLE('',#3400,2.E-02);
#3400 = AXIS2_PLACEMENT_3D('',#3401,#3402,#3403);
#3401 = CARTESIAN_POINT('',(0.3,-0.21,4.E-02));
#3402 = DIRECTION('',(1.,0.,-0.));
#3403 = DIRECTION('',(0.,0.,1.));
#3404 = ORIENTED_EDGE('',*,*,#3405,.F.);
#3405 = EDGE_CURVE('',#3312,#3397,#3406,.T.);
#3406 = LINE('',#3407,#3408);
#3407 = CARTESIAN_POINT('',(-0.3,-0.23,4.E-02));
#3408 = VECTOR('',#3409,1.);
#3409 = DIRECTION('',(1.,0.,0.));
#3410 = CYLINDRICAL_SURFACE('',#3411,2.E-02);
#3411 = AXIS2_PLACEMENT_3D('',#3412,#3413,#3414);
#3412 = CARTESIAN_POINT('',(-0.3,-0.21,4.E-02));
#3413 = DIRECTION('',(1.,0.,0.));
#3414 = DIRECTION('',(0.,-1.,0.));
#3415 = ADVANCED_FACE('',(#3416),#3434,.F.);
#3416 = FACE_BOUND('',#3417,.F.);
#3417 = EDGE_LOOP('',(#3418,#3419,#3420,#3428));
#3418 = ORIENTED_EDGE('',*,*,#3373,.F.);
#3419 = ORIENTED_EDGE('',*,*,#3388,.T.);
#3420 = ORIENTED_EDGE('',*,*,#3421,.T.);
#3421 = EDGE_CURVE('',#3389,#3422,#3424,.T.);
#3422 = VERTEX_POINT('',#3423);
#3423 = CARTESIAN_POINT('',(0.3,0.21,2.E-02));
#3424 = LINE('',#3425,#3426);
#3425 = CARTESIAN_POINT('',(0.3,-0.23,2.E-02));
#3426 = VECTOR('',#3427,1.);
#3427 = DIRECTION('',(0.,1.,0.));
#3428 = ORIENTED_EDGE('',*,*,#3429,.F.);
#3429 = EDGE_CURVE('',#3365,#3422,#3430,.T.);
#3430 = LINE('',#3431,#3432);
#3431 = CARTESIAN_POINT('',(-0.3,0.21,2.E-02));
#3432 = VECTOR('',#3433,1.);
#3433 = DIRECTION('',(1.,0.,0.));
#3434 = PLANE('',#3435);
#3435 = AXIS2_PLACEMENT_3D('',#3436,#3437,#3438);
#3436 = CARTESIAN_POINT('',(-0.3,-0.23,2.E-02));
#3437 = DIRECTION('',(0.,0.,1.));
#3438 = DIRECTION('',(1.,0.,-0.));
#3439 = ADVANCED_FACE('',(#3440),#3459,.T.);
#3440 = FACE_BOUND('',#3441,.T.);
#3441 = EDGE_LOOP('',(#3442,#3450,#3457,#3458));
#3442 = ORIENTED_EDGE('',*,*,#3443,.T.);
#3443 = EDGE_CURVE('',#3357,#3444,#3446,.T.);
#3444 = VERTEX_POINT('',#3445);
#3445 = CARTESIAN_POINT('',(0.3,0.23,4.E-02));
#3446 = LINE('',#3447,#3448);
#3447 = CARTESIAN_POINT('',(-0.3,0.23,4.E-02));
#3448 = VECTOR('',#3449,1.);
#3449 = DIRECTION('',(1.,0.,0.));
#3450 = ORIENTED_EDGE('',*,*,#3451,.T.);
#3451 = EDGE_CURVE('',#3444,#3422,#3452,.T.);
#3452 = CIRCLE('',#3453,2.E-02);
#3453 = AXIS2_PLACEMENT_3D('',#3454,#3455,#3456);
#3454 = CARTESIAN_POINT('',(0.3,0.21,4.E-02));
#3455 = DIRECTION('',(-1.,0.,0.));
#3456 = DIRECTION('',(0.,0.,1.));
#3457 = ORIENTED_EDGE('',*,*,#3429,.F.);
#3458 = ORIENTED_EDGE('',*,*,#3364,.F.);
#3459 = CYLINDRICAL_SURFACE('',#3460,2.E-02);
#3460 = AXIS2_PLACEMENT_3D('',#3461,#3462,#3463);
#3461 = CARTESIAN_POINT('',(-0.3,0.21,4.E-02));
#3462 = DIRECTION('',(1.,0.,0.));
#3463 = DIRECTION('',(-0.,1.,0.));
#3464 = ADVANCED_FACE('',(#3465),#3483,.T.);
#3465 = FACE_BOUND('',#3466,.T.);
#3466 = EDGE_LOOP('',(#3467,#3475,#3476,#3477));
#3467 = ORIENTED_EDGE('',*,*,#3468,.F.);
#3468 = EDGE_CURVE('',#3444,#3469,#3471,.T.);
#3469 = VERTEX_POINT('',#3470);
#3470 = CARTESIAN_POINT('',(0.3,0.23,0.46));
#3471 = LINE('',#3472,#3473);
#3472 = CARTESIAN_POINT('',(0.3,0.23,2.E-02));
#3473 = VECTOR('',#3474,1.);
#3474 = DIRECTION('',(0.,0.,1.));
#3475 = ORIENTED_EDGE('',*,*,#3443,.F.);
#3476 = ORIENTED_EDGE('',*,*,#3356,.T.);
#3477 = ORIENTED_EDGE('',*,*,#3478,.T.);
#3478 = EDGE_CURVE('',#3348,#3469,#3479,.T.);
#3479 = LINE('',#3480,#3481);
#3480 = CARTESIAN_POINT('',(-0.3,0.23,0.46));
#3481 = VECTOR('',#3482,1.);
#3482 = DIRECTION('',(1.,0.,0.));
#3483 = PLANE('',#3484);
#3484 = AXIS2_PLACEMENT_3D('',#3485,#3486,#3487);
#3485 = CARTESIAN_POINT('',(-0.3,0.23,2.E-02));
#3486 = DIRECTION('',(0.,1.,0.));
#3487 = DIRECTION('',(0.,-0.,1.));
#3488 = ADVANCED_FACE('',(#3489),#3508,.T.);
#3489 = FACE_BOUND('',#3490,.T.);
#3490 = EDGE_LOOP('',(#3491,#3492,#3500,#3507));
#3491 = ORIENTED_EDGE('',*,*,#3347,.T.);
#3492 = ORIENTED_EDGE('',*,*,#3493,.T.);
#3493 = EDGE_CURVE('',#3340,#3494,#3496,.T.);
#3494 = VERTEX_POINT('',#3495);
#3495 = CARTESIAN_POINT('',(0.3,0.21,0.48));
#3496 = LINE('',#3497,#3498);
#3497 = CARTESIAN_POINT('',(-0.3,0.21,0.48));
#3498 = VECTOR('',#3499,1.);
#3499 = DIRECTION('',(1.,0.,0.));
#3500 = ORIENTED_EDGE('',*,*,#3501,.F.);
#3501 = EDGE_CURVE('',#3469,#3494,#3502,.T.);
#3502 = CIRCLE('',#3503,2.E-02);
#3503 = AXIS2_PLACEMENT_3D('',#3504,#3505,#3506);
#3504 = CARTESIAN_POINT('',(0.3,0.21,0.46));
#3505 = DIRECTION('',(1.,0.,-0.));
#3506 = DIRECTION('',(0.,0.,1.));
#3507 = ORIENTED_EDGE('',*,*,#3478,.F.);
#3508 = CYLINDRICAL_SURFACE('',#3509,2.E-02);
#3509 = AXIS2_PLACEMENT_3D('',#3510,#3511,#3512);
#3510 = CARTESIAN_POINT('',(-0.3,0.21,0.46));
#3511 = DIRECTION('',(1.,0.,0.));
#3512 = DIRECTION('',(-0.,1.,0.));
#3513 = ADVANCED_FACE('',(#3514),#3532,.T.);
#3514 = FACE_BOUND('',#3515,.T.);
#3515 = EDGE_LOOP('',(#3516,#3517,#3525,#3531));
#3516 = ORIENTED_EDGE('',*,*,#3339,.F.);
#3517 = ORIENTED_EDGE('',*,*,#3518,.T.);
#3518 = EDGE_CURVE('',#3331,#3519,#3521,.T.);
#3519 = VERTEX_POINT('',#3520);
#3520 = CARTESIAN_POINT('',(0.3,-0.21,0.48));
#3521 = LINE('',#3522,#3523);
#3522 = CARTESIAN_POINT('',(-0.3,-0.21,0.48));
#3523 = VECTOR('',#3524,1.);
#3524 = DIRECTION('',(1.,0.,0.));
#3525 = ORIENTED_EDGE('',*,*,#3526,.T.);
#3526 = EDGE_CURVE('',#3519,#3494,#3527,.T.);
#3527 = LINE('',#3528,#3529);
#3528 = CARTESIAN_POINT('',(0.3,-0.23,0.48));
#3529 = VECTOR('',#3530,1.);
#3530 = DIRECTION('',(0.,1.,0.));
#3531 = ORIENTED_EDGE('',*,*,#3493,.F.);
#3532 = PLANE('',#3533);
#3533 = AXIS2_PLACEMENT_3D('',#3534,#3535,#3536);
#3534 = CARTESIAN_POINT('',(-0.3,-0.23,0.48));
#3535 = DIRECTION('',(0.,0.,1.));
#3536 = DIRECTION('',(1.,0.,-0.));
#3537 = ADVANCED_FACE('',(#3538),#3557,.T.);
#3538 = FACE_BOUND('',#3539,.T.);
#3539 = EDGE_LOOP('',(#3540,#3548,#3555,#3556));
#3540 = ORIENTED_EDGE('',*,*,#3541,.T.);
#3541 = EDGE_CURVE('',#3323,#3542,#3544,.T.);
#3542 = VERTEX_POINT('',#3543);
#3543 = CARTESIAN_POINT('',(0.3,-0.23,0.46));
#3544 = LINE('',#3545,#3546);
#3545 = CARTESIAN_POINT('',(-0.3,-0.23,0.46));
#3546 = VECTOR('',#3547,1.);
#3547 = DIRECTION('',(1.,0.,0.));
#3548 = ORIENTED_EDGE('',*,*,#3549,.T.);
#3549 = EDGE_CURVE('',#3542,#3519,#3550,.T.);
#3550 = CIRCLE('',#3551,2.E-02);
#3551 = AXIS2_PLACEMENT_3D('',#3552,#3553,#3554);
#3552 = CARTESIAN_POINT('',(0.3,-0.21,0.46));
#3553 = DIRECTION('',(-1.,0.,0.));
#3554 = DIRECTION('',(0.,0.,1.));
#3555 = ORIENTED_EDGE('',*,*,#3518,.F.);
#3556 = ORIENTED_EDGE('',*,*,#3330,.F.);
#3557 = CYLINDRICAL_SURFACE('',#3558,2.E-02);
#3558 = AXIS2_PLACEMENT_3D('',#3559,#3560,#3561);
#3559 = CARTESIAN_POINT('',(-0.3,-0.21,0.46));
#3560 = DIRECTION('',(1.,0.,0.));
#3561 = DIRECTION('',(0.,-1.,0.));
#3562 = ADVANCED_FACE('',(#3563),#3574,.F.);
#3563 = FACE_BOUND('',#3564,.F.);
#3564 = EDGE_LOOP('',(#3565,#3571,#3572,#3573));
#3565 = ORIENTED_EDGE('',*,*,#3566,.F.);
#3566 = EDGE_CURVE('',#3397,#3542,#3567,.T.);
#3567 = LINE('',#3568,#3569);
#3568 = CARTESIAN_POINT('',(0.3,-0.23,2.E-02));
#3569 = VECTOR('',#3570,1.);
#3570 = DIRECTION('',(0.,0.,1.));
#3571 = ORIENTED_EDGE('',*,*,#3405,.F.);
#3572 = ORIENTED_EDGE('',*,*,#3322,.T.);
#3573 = ORIENTED_EDGE('',*,*,#3541,.T.);
#3574 = PLANE('',#3575);
#3575 = AXIS2_PLACEMENT_3D('',#3576,#3577,#3578);
#3576 = CARTESIAN_POINT('',(-0.3,-0.23,2.E-02));
#3577 = DIRECTION('',(0.,1.,0.));
#3578 = DIRECTION('',(0.,-0.,1.));
#3579 = ADVANCED_FACE('',(#3580,#3650),#3660,.F.);
#3580 = FACE_BOUND('',#3581,.F.);
#3581 = EDGE_LOOP('',(#3582,#3592,#3601,#3609,#3618,#3626,#3635,#3643));
#3582 = ORIENTED_EDGE('',*,*,#3583,.F.);
#3583 = EDGE_CURVE('',#3584,#3586,#3588,.T.);
#3584 = VERTEX_POINT('',#3585);
#3585 = CARTESIAN_POINT('',(0.3,-0.25,2.E-02));
#3586 = VERTEX_POINT('',#3587);
#3587 = CARTESIAN_POINT('',(0.3,-0.25,0.48));
#3588 = LINE('',#3589,#3590);
#3589 = CARTESIAN_POINT('',(0.3,-0.25,0.));
#3590 = VECTOR('',#3591,1.);
#3591 = DIRECTION('',(0.,0.,1.));
#3592 = ORIENTED_EDGE('',*,*,#3593,.T.);
#3593 = EDGE_CURVE('',#3584,#3594,#3596,.T.);
#3594 = VERTEX_POINT('',#3595);
#3595 = CARTESIAN_POINT('',(0.3,-0.23,0.));
#3596 = CIRCLE('',#3597,2.E-02);
#3597 = AXIS2_PLACEMENT_3D('',#3598,#3599,#3600);
#3598 = CARTESIAN_POINT('',(0.3,-0.23,2.E-02));
#3599 = DIRECTION('',(1.,0.,-0.));
#3600 = DIRECTION('',(0.,0.,1.));
#3601 = ORIENTED_EDGE('',*,*,#3602,.T.);
#3602 = EDGE_CURVE('',#3594,#3603,#3605,.T.);
#3603 = VERTEX_POINT('',#3604);
#3604 = CARTESIAN_POINT('',(0.3,0.23,0.));
#3605 = LINE('',#3606,#3607);
#3606 = CARTESIAN_POINT('',(0.3,-0.25,0.));
#3607 = VECTOR('',#3608,1.);
#3608 = DIRECTION('',(0.,1.,0.));
#3609 = ORIENTED_EDGE('',*,*,#3610,.F.);
#3610 = EDGE_CURVE('',#3611,#3603,#3613,.T.);
#3611 = VERTEX_POINT('',#3612);
#3612 = CARTESIAN_POINT('',(0.3,0.25,2.E-02));
#3613 = CIRCLE('',#3614,2.E-02);
#3614 = AXIS2_PLACEMENT_3D('',#3615,#3616,#3617);
#3615 = CARTESIAN_POINT('',(0.3,0.23,2.E-02));
#3616 = DIRECTION('',(-1.,0.,0.));
#3617 = DIRECTION('',(0.,0.,1.));
#3618 = ORIENTED_EDGE('',*,*,#3619,.T.);
#3619 = EDGE_CURVE('',#3611,#3620,#3622,.T.);
#3620 = VERTEX_POINT('',#3621);
#3621 = CARTESIAN_POINT('',(0.3,0.25,0.48));
#3622 = LINE('',#3623,#3624);
#3623 = CARTESIAN_POINT('',(0.3,0.25,0.));
#3624 = VECTOR('',#3625,1.);
#3625 = DIRECTION('',(0.,0.,1.));
#3626 = ORIENTED_EDGE('',*,*,#3627,.T.);
#3627 = EDGE_CURVE('',#3620,#3628,#3630,.T.);
#3628 = VERTEX_POINT('',#3629);
#3629 = CARTESIAN_POINT('',(0.3,0.23,0.5));
#3630 = CIRCLE('',#3631,2.E-02);
#3631 = AXIS2_PLACEMENT_3D('',#3632,#3633,#3634);
#3632 = CARTESIAN_POINT('',(0.3,0.23,0.48));
#3633 = DIRECTION('',(1.,0.,-0.));
#3634 = DIRECTION('',(0.,0.,1.));
#3635 = ORIENTED_EDGE('',*,*,#3636,.F.);
#3636 = EDGE_CURVE('',#3637,#3628,#3639,.T.);
#3637 = VERTEX_POINT('',#3638);
#3638 = CARTESIAN_POINT('',(0.3,-0.23,0.5));
#3639 = LINE('',#3640,#3641);
#3640 = CARTESIAN_POINT('',(0.3,-0.25,0.5));
#3641 = VECTOR('',#3642,1.);
#3642 = DIRECTION('',(0.,1.,0.));
#3643 = ORIENTED_EDGE('',*,*,#3644,.F.);
#3644 = EDGE_CURVE('',#3586,#3637,#3645,.T.);
#3645 = CIRCLE('',#3646,2.E-02);
#3646 = AXIS2_PLACEMENT_3D('',#3647,#3648,#3649);
#3647 = CARTESIAN_POINT('',(0.3,-0.23,0.48));
#3648 = DIRECTION('',(-1.,0.,0.));
#3649 = DIRECTION('',(0.,0.,1.));
#3650 = FACE_BOUND('',#3651,.F.);
#3651 = EDGE_LOOP('',(#3652,#3653,#3654,#3655,#3656,#3657,#3658,#3659));
#3652 = ORIENTED_EDGE('',*,*,#3396,.F.);
#3653 = ORIENTED_EDGE('',*,*,#3566,.T.);
#3654 = ORIENTED_EDGE('',*,*,#3549,.T.);
#3655 = ORIENTED_EDGE('',*,*,#3526,.T.);
#3656 = ORIENTED_EDGE('',*,*,#3501,.F.);
#3657 = ORIENTED_EDGE('',*,*,#3468,.F.);
#3658 = ORIENTED_EDGE('',*,*,#3451,.T.);
#3659 = ORIENTED_EDGE('',*,*,#3421,.F.);
#3660 = PLANE('',#3661);
#3661 = AXIS2_PLACEMENT_3D('',#3662,#3663,#3664);
#3662 = CARTESIAN_POINT('',(0.3,-0.25,0.));
#3663 = DIRECTION('',(1.,0.,0.));
#3664 = DIRECTION('',(0.,0.,1.));
#3665 = ADVANCED_FACE('',(#3666),#3691,.F.);
#3666 = FACE_BOUND('',#3667,.F.);
#3667 = EDGE_LOOP('',(#3668,#3678,#3684,#3685));
#3668 = ORIENTED_EDGE('',*,*,#3669,.F.);
#3669 = EDGE_CURVE('',#3670,#3672,#3674,.T.);
#3670 = VERTEX_POINT('',#3671);
#3671 = CARTESIAN_POINT('',(0.5,-0.25,2.E-02));
#3672 = VERTEX_POINT('',#3673);
#3673 = CARTESIAN_POINT('',(0.5,-0.25,0.48));
#3674 = LINE('',#3675,#3676);
#3675 = CARTESIAN_POINT('',(0.5,-0.25,0.));
#3676 = VECTOR('',#3677,1.);
#3677 = DIRECTION('',(0.,0.,1.));
#3678 = ORIENTED_EDGE('',*,*,#3679,.F.);
#3679 = EDGE_CURVE('',#3584,#3670,#3680,.T.);
#3680 = LINE('',#3681,#3682);
#3681 = CARTESIAN_POINT('',(0.3,-0.25,2.E-02));
#3682 = VECTOR('',#3683,1.);
#3683 = DIRECTION('',(1.,0.,0.));
#3684 = ORIENTED_EDGE('',*,*,#3583,.T.);
#3685 = ORIENTED_EDGE('',*,*,#3686,.T.);
#3686 = EDGE_CURVE('',#3586,#3672,#3687,.T.);
#3687 = LINE('',#3688,#3689);
#3688 = CARTESIAN_POINT('',(0.3,-0.25,0.48));
#3689 = VECTOR('',#3690,1.);
#3690 = DIRECTION('',(1.,0.,0.));
#3691 = PLANE('',#3692);
#3692 = AXIS2_PLACEMENT_3D('',#3693,#3694,#3695);
#3693 = CARTESIAN_POINT('',(0.3,-0.25,0.));
#3694 = DIRECTION('',(0.,1.,0.));
#3695 = DIRECTION('',(0.,-0.,1.));
#3696 = ADVANCED_FACE('',(#3697),#3716,.T.);
#3697 = FACE_BOUND('',#3698,.T.);
#3698 = EDGE_LOOP('',(#3699,#3700,#3708,#3715));
#3699 = ORIENTED_EDGE('',*,*,#3593,.T.);
#3700 = ORIENTED_EDGE('',*,*,#3701,.T.);
#3701 = EDGE_CURVE('',#3594,#3702,#3704,.T.);
#3702 = VERTEX_POINT('',#3703);
#3703 = CARTESIAN_POINT('',(0.5,-0.23,0.));
#3704 = LINE('',#3705,#3706);
#3705 = CARTESIAN_POINT('',(0.3,-0.23,0.));
#3706 = VECTOR('',#3707,1.);
#3707 = DIRECTION('',(1.,0.,0.));
#3708 = ORIENTED_EDGE('',*,*,#3709,.F.);
#3709 = EDGE_CURVE('',#3670,#3702,#3710,.T.);
#3710 = CIRCLE('',#3711,2.E-02);
#3711 = AXIS2_PLACEMENT_3D('',#3712,#3713,#3714);
#3712 = CARTESIAN_POINT('',(0.5,-0.23,2.E-02));
#3713 = DIRECTION('',(1.,0.,-0.));
#3714 = DIRECTION('',(0.,0.,1.));
#3715 = ORIENTED_EDGE('',*,*,#3679,.F.);
#3716 = CYLINDRICAL_SURFACE('',#3717,2.E-02);
#3717 = AXIS2_PLACEMENT_3D('',#3718,#3719,#3720);
#3718 = CARTESIAN_POINT('',(0.3,-0.23,2.E-02));
#3719 = DIRECTION('',(1.,0.,0.));
#3720 = DIRECTION('',(0.,-1.,0.));
#3721 = ADVANCED_FACE('',(#3722),#3741,.T.);
#3722 = FACE_BOUND('',#3723,.T.);
#3723 = EDGE_LOOP('',(#3724,#3725,#3734,#3740));
#3724 = ORIENTED_EDGE('',*,*,#3686,.T.);
#3725 = ORIENTED_EDGE('',*,*,#3726,.T.);
#3726 = EDGE_CURVE('',#3672,#3727,#3729,.T.);
#3727 = VERTEX_POINT('',#3728);
#3728 = CARTESIAN_POINT('',(0.5,-0.23,0.5));
#3729 = CIRCLE('',#3730,2.E-02);
#3730 = AXIS2_PLACEMENT_3D('',#3731,#3732,#3733);
#3731 = CARTESIAN_POINT('',(0.5,-0.23,0.48));
#3732 = DIRECTION('',(-1.,0.,0.));
#3733 = DIRECTION('',(0.,0.,1.));
#3734 = ORIENTED_EDGE('',*,*,#3735,.F.);
#3735 = EDGE_CURVE('',#3637,#3727,#3736,.T.);
#3736 = LINE('',#3737,#3738);
#3737 = CARTESIAN_POINT('',(0.3,-0.23,0.5));
#3738 = VECTOR('',#3739,1.);
#3739 = DIRECTION('',(1.,0.,0.));
#3740 = ORIENTED_EDGE('',*,*,#3644,.F.);
#3741 = CYLINDRICAL_SURFACE('',#3742,2.E-02);
#3742 = AXIS2_PLACEMENT_3D('',#3743,#3744,#3745);
#3743 = CARTESIAN_POINT('',(0.3,-0.23,0.48));
#3744 = DIRECTION('',(1.,0.,0.));
#3745 = DIRECTION('',(0.,-1.,0.));
#3746 = ADVANCED_FACE('',(#3747),#3765,.F.);
#3747 = FACE_BOUND('',#3748,.F.);
#3748 = EDGE_LOOP('',(#3749,#3750,#3751,#3759));
#3749 = ORIENTED_EDGE('',*,*,#3602,.F.);
#3750 = ORIENTED_EDGE('',*,*,#3701,.T.);
#3751 = ORIENTED_EDGE('',*,*,#3752,.T.);
#3752 = EDGE_CURVE('',#3702,#3753,#3755,.T.);
#3753 = VERTEX_POINT('',#3754);
#3754 = CARTESIAN_POINT('',(0.5,0.23,0.));
#3755 = LINE('',#3756,#3757);
#3756 = CARTESIAN_POINT('',(0.5,-0.25,0.));
#3757 = VECTOR('',#3758,1.);
#3758 = DIRECTION('',(0.,1.,0.));
#3759 = ORIENTED_EDGE('',*,*,#3760,.F.);
#3760 = EDGE_CURVE('',#3603,#3753,#3761,.T.);
#3761 = LINE('',#3762,#3763);
#3762 = CARTESIAN_POINT('',(0.3,0.23,0.));
#3763 = VECTOR('',#3764,1.);
#3764 = DIRECTION('',(1.,0.,0.));
#3765 = PLANE('',#3766);
#3766 = AXIS2_PLACEMENT_3D('',#3767,#3768,#3769);
#3767 = CARTESIAN_POINT('',(0.3,-0.25,0.));
#3768 = DIRECTION('',(0.,0.,1.));
#3769 = DIRECTION('',(1.,0.,-0.));
#3770 = ADVANCED_FACE('',(#3771),#3789,.T.);
#3771 = FACE_BOUND('',#3772,.T.);
#3772 = EDGE_LOOP('',(#3773,#3774,#3775,#3783));
#3773 = ORIENTED_EDGE('',*,*,#3636,.F.);
#3774 = ORIENTED_EDGE('',*,*,#3735,.T.);
#3775 = ORIENTED_EDGE('',*,*,#3776,.T.);
#3776 = EDGE_CURVE('',#3727,#3777,#3779,.T.);
#3777 = VERTEX_POINT('',#3778);
#3778 = CARTESIAN_POINT('',(0.5,0.23,0.5));
#3779 = LINE('',#3780,#3781);
#3780 = CARTESIAN_POINT('',(0.5,-0.25,0.5));
#3781 = VECTOR('',#3782,1.);
#3782 = DIRECTION('',(0.,1.,0.));
#3783 = ORIENTED_EDGE('',*,*,#3784,.F.);
#3784 = EDGE_CURVE('',#3628,#3777,#3785,.T.);
#3785 = LINE('',#3786,#3787);
#3786 = CARTESIAN_POINT('',(0.3,0.23,0.5));
#3787 = VECTOR('',#3788,1.);
#3788 = DIRECTION('',(1.,0.,0.));
#3789 = PLANE('',#3790);
#3790 = AXIS2_PLACEMENT_3D('',#3791,#3792,#3793);
#3791 = CARTESIAN_POINT('',(0.3,-0.25,0.5));
#3792 = DIRECTION('',(0.,0.,1.));
#3793 = DIRECTION('',(1.,0.,-0.));
#3794 = ADVANCED_FACE('',(#3795),#3814,.T.);
#3795 = FACE_BOUND('',#3796,.T.);
#3796 = EDGE_LOOP('',(#3797,#3805,#3812,#3813));
#3797 = ORIENTED_EDGE('',*,*,#3798,.T.);
#3798 = EDGE_CURVE('',#3611,#3799,#3801,.T.);
#3799 = VERTEX_POINT('',#3800);
#3800 = CARTESIAN_POINT('',(0.5,0.25,2.E-02));
#3801 = LINE('',#3802,#3803);
#3802 = CARTESIAN_POINT('',(0.3,0.25,2.E-02));
#3803 = VECTOR('',#3804,1.);
#3804 = DIRECTION('',(1.,0.,0.));
#3805 = ORIENTED_EDGE('',*,*,#3806,.T.);
#3806 = EDGE_CURVE('',#3799,#3753,#3807,.T.);
#3807 = CIRCLE('',#3808,2.E-02);
#3808 = AXIS2_PLACEMENT_3D('',#3809,#3810,#3811);
#3809 = CARTESIAN_POINT('',(0.5,0.23,2.E-02));
#3810 = DIRECTION('',(-1.,0.,0.));
#3811 = DIRECTION('',(0.,0.,1.));
#3812 = ORIENTED_EDGE('',*,*,#3760,.F.);
#3813 = ORIENTED_EDGE('',*,*,#3610,.F.);
#3814 = CYLINDRICAL_SURFACE('',#3815,2.E-02);
#3815 = AXIS2_PLACEMENT_3D('',#3816,#3817,#3818);
#3816 = CARTESIAN_POINT('',(0.3,0.23,2.E-02));
#3817 = DIRECTION('',(1.,0.,0.));
#3818 = DIRECTION('',(-0.,1.,0.));
#3819 = ADVANCED_FACE('',(#3820),#3839,.T.);
#3820 = FACE_BOUND('',#3821,.T.);
#3821 = EDGE_LOOP('',(#3822,#3823,#3824,#3833));
#3822 = ORIENTED_EDGE('',*,*,#3627,.T.);
#3823 = ORIENTED_EDGE('',*,*,#3784,.T.);
#3824 = ORIENTED_EDGE('',*,*,#3825,.F.);
#3825 = EDGE_CURVE('',#3826,#3777,#3828,.T.);
#3826 = VERTEX_POINT('',#3827);
#3827 = CARTESIAN_POINT('',(0.5,0.25,0.48));
#3828 = CIRCLE('',#3829,2.E-02);
#3829 = AXIS2_PLACEMENT_3D('',#3830,#3831,#3832);
#3830 = CARTESIAN_POINT('',(0.5,0.23,0.48));
#3831 = DIRECTION('',(1.,0.,-0.));
#3832 = DIRECTION('',(0.,0.,1.));
#3833 = ORIENTED_EDGE('',*,*,#3834,.F.);
#3834 = EDGE_CURVE('',#3620,#3826,#3835,.T.);
#3835 = LINE('',#3836,#3837);
#3836 = CARTESIAN_POINT('',(0.3,0.25,0.48));
#3837 = VECTOR('',#3838,1.);
#3838 = DIRECTION('',(1.,0.,0.));
#3839 = CYLINDRICAL_SURFACE('',#3840,2.E-02);
#3840 = AXIS2_PLACEMENT_3D('',#3841,#3842,#3843);
#3841 = CARTESIAN_POINT('',(0.3,0.23,0.48));
#3842 = DIRECTION('',(1.,0.,0.));
#3843 = DIRECTION('',(-0.,1.,0.));
#3844 = ADVANCED_FACE('',(#3845),#3856,.T.);
#3845 = FACE_BOUND('',#3846,.T.);
#3846 = EDGE_LOOP('',(#3847,#3853,#3854,#3855));
#3847 = ORIENTED_EDGE('',*,*,#3848,.F.);
#3848 = EDGE_CURVE('',#3799,#3826,#3849,.T.);
#3849 = LINE('',#3850,#3851);
#3850 = CARTESIAN_POINT('',(0.5,0.25,0.));
#3851 = VECTOR('',#3852,1.);
#3852 = DIRECTION('',(0.,0.,1.));
#3853 = ORIENTED_EDGE('',*,*,#3798,.F.);
#3854 = ORIENTED_EDGE('',*,*,#3619,.T.);
#3855 = ORIENTED_EDGE('',*,*,#3834,.T.);
#3856 = PLANE('',#3857);
#3857 = AXIS2_PLACEMENT_3D('',#3858,#3859,#3860);
#3858 = CARTESIAN_POINT('',(0.3,0.25,0.));
#3859 = DIRECTION('',(0.,1.,0.));
#3860 = DIRECTION('',(0.,-0.,1.));
#3861 = ADVANCED_FACE('',(#3862),#3872,.T.);
#3862 = FACE_BOUND('',#3863,.T.);
#3863 = EDGE_LOOP('',(#3864,#3865,#3866,#3867,#3868,#3869,#3870,#3871));
#3864 = ORIENTED_EDGE('',*,*,#3669,.F.);
#3865 = ORIENTED_EDGE('',*,*,#3709,.T.);
#3866 = ORIENTED_EDGE('',*,*,#3752,.T.);
#3867 = ORIENTED_EDGE('',*,*,#3806,.F.);
#3868 = ORIENTED_EDGE('',*,*,#3848,.T.);
#3869 = ORIENTED_EDGE('',*,*,#3825,.T.);
#3870 = ORIENTED_EDGE('',*,*,#3776,.F.);
#3871 = ORIENTED_EDGE('',*,*,#3726,.F.);
#3872 = PLANE('',#3873);
#3873 = AXIS2_PLACEMENT_3D('',#3874,#3875,#3876);
#3874 = CARTESIAN_POINT('',(0.5,-0.25,0.));
#3875 = DIRECTION('',(1.,0.,0.));
#3876 = DIRECTION('',(0.,0.,1.));
#3877 = ( GEOMETRIC_REPRESENTATION_CONTEXT(3) 
GLOBAL_UNCERTAINTY_ASSIGNED_CONTEXT((#3881)) 
GLOBAL_UNIT_ASSIGNED_CONTEXT((#3878,#3879,#3880)) REPRESENTATION_CONTEXT
('Context #1','3D Context with UNIT and UNCERTAINTY') );
#3878 = ( LENGTH_UNIT() NAMED_UNIT(*) SI_UNIT(.MILLI.,.METRE.) );
#3879 = ( NAMED_UNIT(*) PLANE_ANGLE_UNIT() SI_UNIT($,.RADIAN.) );
#3880 = ( NAMED_UNIT(*) SI_UNIT($,.STERADIAN.) SOLID_ANGLE_UNIT() );
#3881 = UNCERTAINTY_MEASURE_WITH_UNIT(LENGTH_MEASURE(1.E-07),#3878,
  'distance_accuracy_value','confusion accuracy');
#3882 = CONTEXT_DEPENDENT_SHAPE_REPRESENTATION(#3883,#3885);
#3883 = ( REPRESENTATION_RELATIONSHIP('','',#3022,#10) 
REPRESENTATION_RELATIONSHIP_WITH_TRANSFORMATION(#3884) 
SHAPE_REPRESENTATION_RELATIONSHIP() );
#3884 = ITEM_DEFINED_TRANSFORMATION('','',#11,#19);
#3885 = PRODUCT_DEFINITION_SHAPE('Placement','Placement of an item',
  #3886);
#3886 = NEXT_ASSEMBLY_USAGE_OCCURRENCE('4','C1','',#5,#3017,$);
#3887 = PRODUCT_RELATED_PRODUCT_CATEGORY('part',$,(#3019));
#3888 = SHAPE_DEFINITION_REPRESENTATION(#3889,#3895);
#3889 = PRODUCT_DEFINITION_SHAPE('','',#3890);
#3890 = PRODUCT_DEFINITION('design','',#3891,#3894);
#3891 = PRODUCT_DEFINITION_FORMATION('','',#3892);
#3892 = PRODUCT('R_0402_1005Metric','R_0402_1005Metric','',(#3893));
#3893 = PRODUCT_CONTEXT('',#2,'mechanical');
#3894 = PRODUCT_DEFINITION_CONTEXT('part definition',#2,'design');
#3895 = ADVANCED_BREP_SHAPE_REPRESENTATION('',(#11,#3896),#4686);
#3896 = MANIFOLD_SOLID_BREP('',#3897);
#3897 = CLOSED_SHELL('',(#3898,#3938,#4021,#4046,#4071,#4138,#4155,#4172
    ,#4221,#4238,#4255,#4304,#4321,#4390,#4421,#4445,#4514,#4538,#4555,
    #4572,#4589,#4606,#4623,#4640,#4657,#4674));
#3898 = ADVANCED_FACE('',(#3899),#3933,.F.);
#3899 = FACE_BOUND('',#3900,.F.);
#3900 = EDGE_LOOP('',(#3901,#3911,#3919,#3927));
#3901 = ORIENTED_EDGE('',*,*,#3902,.F.);
#3902 = EDGE_CURVE('',#3903,#3905,#3907,.T.);
#3903 = VERTEX_POINT('',#3904);
#3904 = CARTESIAN_POINT('',(-0.5,-0.25,3.5E-02));
#3905 = VERTEX_POINT('',#3906);
#3906 = CARTESIAN_POINT('',(-0.5,-0.25,0.315));
#3907 = LINE('',#3908,#3909);
#3908 = CARTESIAN_POINT('',(-0.5,-0.25,0.));
#3909 = VECTOR('',#3910,1.);
#3910 = DIRECTION('',(0.,0.,1.));
#3911 = ORIENTED_EDGE('',*,*,#3912,.T.);
#3912 = EDGE_CURVE('',#3903,#3913,#3915,.T.);
#3913 = VERTEX_POINT('',#3914);
#3914 = CARTESIAN_POINT('',(-0.5,0.25,3.5E-02));
#3915 = LINE('',#3916,#3917);
#3916 = CARTESIAN_POINT('',(-0.5,-0.25,3.5E-02));
#3917 = VECTOR('',#3918,1.);
#3918 = DIRECTION('',(0.,1.,0.));
#3919 = ORIENTED_EDGE('',*,*,#3920,.T.);
#3920 = EDGE_CURVE('',#3913,#3921,#3923,.T.);
#3921 = VERTEX_POINT('',#3922);
#3922 = CARTESIAN_POINT('',(-0.5,0.25,0.315));
#3923 = LINE('',#3924,#3925);
#3924 = CARTESIAN_POINT('',(-0.5,0.25,0.));
#3925 = VECTOR('',#3926,1.);
#3926 = DIRECTION('',(0.,0.,1.));
#3927 = ORIENTED_EDGE('',*,*,#3928,.F.);
#3928 = EDGE_CURVE('',#3905,#3921,#3929,.T.);
#3929 = LINE('',#3930,#3931);
#3930 = CARTESIAN_POINT('',(-0.5,-0.25,0.315));
#3931 = VECTOR('',#3932,1.);
#3932 = DIRECTION('',(0.,1.,0.));
#3933 = PLANE('',#3934);
#3934 = AXIS2_PLACEMENT_3D('',#3935,#3936,#3937);
#3935 = CARTESIAN_POINT('',(-0.5,-0.25,0.));
#3936 = DIRECTION('',(1.,0.,0.));
#3937 = DIRECTION('',(0.,0.,1.));
#3938 = ADVANCED_FACE('',(#3939),#4016,.F.);
#3939 = FACE_BOUND('',#3940,.F.);
#3940 = EDGE_LOOP('',(#3941,#3951,#3958,#3959,#3968,#3976,#3985,#3993,
    #4001,#4009));
#3941 = ORIENTED_EDGE('',*,*,#3942,.F.);
#3942 = EDGE_CURVE('',#3943,#3945,#3947,.T.);
#3943 = VERTEX_POINT('',#3944);
#3944 = CARTESIAN_POINT('',(-0.465,-0.25,-2.775557561563E-17));
#3945 = VERTEX_POINT('',#3946);
#3946 = CARTESIAN_POINT('',(-0.335,-0.25,-2.775557561563E-17));
#3947 = LINE('',#3948,#3949);
#3948 = CARTESIAN_POINT('',(-0.5,-0.25,0.));
#3949 = VECTOR('',#3950,1.);
#3950 = DIRECTION('',(1.,0.,0.));
#3951 = ORIENTED_EDGE('',*,*,#3952,.F.);
#3952 = EDGE_CURVE('',#3903,#3943,#3953,.T.);
#3953 = CIRCLE('',#3954,3.5E-02);
#3954 = AXIS2_PLACEMENT_3D('',#3955,#3956,#3957);
#3955 = CARTESIAN_POINT('',(-0.465,-0.25,3.5E-02));
#3956 = DIRECTION('',(0.,-1.,0.));
#3957 = DIRECTION('',(0.,0.,1.));
#3958 = ORIENTED_EDGE('',*,*,#3902,.T.);
#3959 = ORIENTED_EDGE('',*,*,#3960,.T.);
#3960 = EDGE_CURVE('',#3905,#3961,#3963,.T.);
#3961 = VERTEX_POINT('',#3962);
#3962 = CARTESIAN_POINT('',(-0.465,-0.25,0.35));
#3963 = CIRCLE('',#3964,3.5E-02);
#3964 = AXIS2_PLACEMENT_3D('',#3965,#3966,#3967);
#3965 = CARTESIAN_POINT('',(-0.465,-0.25,0.315));
#3966 = DIRECTION('',(0.,1.,0.));
#3967 = DIRECTION('',(0.,-0.,1.));
#3968 = ORIENTED_EDGE('',*,*,#3969,.T.);
#3969 = EDGE_CURVE('',#3961,#3970,#3972,.T.);
#3970 = VERTEX_POINT('',#3971);
#3971 = CARTESIAN_POINT('',(-0.335,-0.25,0.35));
#3972 = LINE('',#3973,#3974);
#3973 = CARTESIAN_POINT('',(-0.5,-0.25,0.35));
#3974 = VECTOR('',#3975,1.);
#3975 = DIRECTION('',(1.,0.,0.));
#3976 = ORIENTED_EDGE('',*,*,#3977,.F.);
#3977 = EDGE_CURVE('',#3978,#3970,#3980,.T.);
#3978 = VERTEX_POINT('',#3979);
#3979 = CARTESIAN_POINT('',(-0.3,-0.25,0.315));
#3980 = CIRCLE('',#3981,3.5E-02);
#3981 = AXIS2_PLACEMENT_3D('',#3982,#3983,#3984);
#3982 = CARTESIAN_POINT('',(-0.335,-0.25,0.315));
#3983 = DIRECTION('',(0.,-1.,0.));
#3984 = DIRECTION('',(0.,0.,1.));
#3985 = ORIENTED_EDGE('',*,*,#3986,.F.);
#3986 = EDGE_CURVE('',#3987,#3978,#3989,.T.);
#3987 = VERTEX_POINT('',#3988);
#3988 = CARTESIAN_POINT('',(-0.465,-0.25,0.315));
#3989 = LINE('',#3990,#3991);
#3990 = CARTESIAN_POINT('',(-0.465,-0.25,0.315));
#3991 = VECTOR('',#3992,1.);
#3992 = DIRECTION('',(1.,0.,0.));
#3993 = ORIENTED_EDGE('',*,*,#3994,.F.);
#3994 = EDGE_CURVE('',#3995,#3987,#3997,.T.);
#3995 = VERTEX_POINT('',#3996);
#3996 = CARTESIAN_POINT('',(-0.465,-0.25,3.5E-02));
#3997 = LINE('',#3998,#3999);
#3998 = CARTESIAN_POINT('',(-0.465,-0.25,3.5E-02));
#3999 = VECTOR('',#4000,1.);
#4000 = DIRECTION('',(0.,0.,1.));
#4001 = ORIENTED_EDGE('',*,*,#4002,.T.);
#4002 = EDGE_CURVE('',#3995,#4003,#4005,.T.);
#4003 = VERTEX_POINT('',#4004);
#4004 = CARTESIAN_POINT('',(-0.3,-0.25,3.5E-02));
#4005 = LINE('',#4006,#4007);
#4006 = CARTESIAN_POINT('',(-0.465,-0.25,3.5E-02));
#4007 = VECTOR('',#4008,1.);
#4008 = DIRECTION('',(1.,0.,0.));
#4009 = ORIENTED_EDGE('',*,*,#4010,.T.);
#4010 = EDGE_CURVE('',#4003,#3945,#4011,.T.);
#4011 = CIRCLE('',#4012,3.5E-02);
#4012 = AXIS2_PLACEMENT_3D('',#4013,#4014,#4015);
#4013 = CARTESIAN_POINT('',(-0.335,-0.25,3.5E-02));
#4014 = DIRECTION('',(0.,1.,0.));
#4015 = DIRECTION('',(0.,-0.,1.));
#4016 = PLANE('',#4017);
#4017 = AXIS2_PLACEMENT_3D('',#4018,#4019,#4020);
#4018 = CARTESIAN_POINT('',(-0.5,-0.25,0.));
#4019 = DIRECTION('',(0.,1.,0.));
#4020 = DIRECTION('',(0.,-0.,1.));
#4021 = ADVANCED_FACE('',(#4022),#4041,.T.);
#4022 = FACE_BOUND('',#4023,.T.);
#4023 = EDGE_LOOP('',(#4024,#4025,#4034,#4040));
#4024 = ORIENTED_EDGE('',*,*,#3912,.T.);
#4025 = ORIENTED_EDGE('',*,*,#4026,.T.);
#4026 = EDGE_CURVE('',#3913,#4027,#4029,.T.);
#4027 = VERTEX_POINT('',#4028);
#4028 = CARTESIAN_POINT('',(-0.465,0.25,-2.775557561563E-17));
#4029 = CIRCLE('',#4030,3.5E-02);
#4030 = AXIS2_PLACEMENT_3D('',#4031,#4032,#4033);
#4031 = CARTESIAN_POINT('',(-0.465,0.25,3.5E-02));
#4032 = DIRECTION('',(0.,-1.,0.));
#4033 = DIRECTION('',(0.,0.,1.));
#4034 = ORIENTED_EDGE('',*,*,#4035,.F.);
#4035 = EDGE_CURVE('',#3943,#4027,#4036,.T.);
#4036 = LINE('',#4037,#4038);
#4037 = CARTESIAN_POINT('',(-0.465,-0.25,-2.775557561563E-17));
#4038 = VECTOR('',#4039,1.);
#4039 = DIRECTION('',(0.,1.,0.));
#4040 = ORIENTED_EDGE('',*,*,#3952,.F.);
#4041 = CYLINDRICAL_SURFACE('',#4042,3.5E-02);
#4042 = AXIS2_PLACEMENT_3D('',#4043,#4044,#4045);
#4043 = CARTESIAN_POINT('',(-0.465,-0.25,3.5E-02));
#4044 = DIRECTION('',(0.,1.,0.));
#4045 = DIRECTION('',(-1.,0.,0.));
#4046 = ADVANCED_FACE('',(#4047),#4066,.T.);
#4047 = FACE_BOUND('',#4048,.T.);
#4048 = EDGE_LOOP('',(#4049,#4050,#4058,#4065));
#4049 = ORIENTED_EDGE('',*,*,#3960,.T.);
#4050 = ORIENTED_EDGE('',*,*,#4051,.T.);
#4051 = EDGE_CURVE('',#3961,#4052,#4054,.T.);
#4052 = VERTEX_POINT('',#4053);
#4053 = CARTESIAN_POINT('',(-0.465,0.25,0.35));
#4054 = LINE('',#4055,#4056);
#4055 = CARTESIAN_POINT('',(-0.465,-0.25,0.35));
#4056 = VECTOR('',#4057,1.);
#4057 = DIRECTION('',(0.,1.,0.));
#4058 = ORIENTED_EDGE('',*,*,#4059,.F.);
#4059 = EDGE_CURVE('',#3921,#4052,#4060,.T.);
#4060 = CIRCLE('',#4061,3.5E-02);
#4061 = AXIS2_PLACEMENT_3D('',#4062,#4063,#4064);
#4062 = CARTESIAN_POINT('',(-0.465,0.25,0.315));
#4063 = DIRECTION('',(0.,1.,0.));
#4064 = DIRECTION('',(0.,-0.,1.));
#4065 = ORIENTED_EDGE('',*,*,#3928,.F.);
#4066 = CYLINDRICAL_SURFACE('',#4067,3.5E-02);
#4067 = AXIS2_PLACEMENT_3D('',#4068,#4069,#4070);
#4068 = CARTESIAN_POINT('',(-0.465,-0.25,0.315));
#4069 = DIRECTION('',(0.,1.,0.));
#4070 = DIRECTION('',(-1.,0.,0.));
#4071 = ADVANCED_FACE('',(#4072),#4133,.T.);
#4072 = FACE_BOUND('',#4073,.T.);
#4073 = EDGE_LOOP('',(#4074,#4082,#4083,#4084,#4085,#4093,#4102,#4110,
    #4118,#4126));
#4074 = ORIENTED_EDGE('',*,*,#4075,.F.);
#4075 = EDGE_CURVE('',#4027,#4076,#4078,.T.);
#4076 = VERTEX_POINT('',#4077);
#4077 = CARTESIAN_POINT('',(-0.335,0.25,-2.775557561563E-17));
#4078 = LINE('',#4079,#4080);
#4079 = CARTESIAN_POINT('',(-0.5,0.25,0.));
#4080 = VECTOR('',#4081,1.);
#4081 = DIRECTION('',(1.,0.,0.));
#4082 = ORIENTED_EDGE('',*,*,#4026,.F.);
#4083 = ORIENTED_EDGE('',*,*,#3920,.T.);
#4084 = ORIENTED_EDGE('',*,*,#4059,.T.);
#4085 = ORIENTED_EDGE('',*,*,#4086,.T.);
#4086 = EDGE_CURVE('',#4052,#4087,#4089,.T.);
#4087 = VERTEX_POINT('',#4088);
#4088 = CARTESIAN_POINT('',(-0.335,0.25,0.35));
#4089 = LINE('',#4090,#4091);
#4090 = CARTESIAN_POINT('',(-0.5,0.25,0.35));
#4091 = VECTOR('',#4092,1.);
#4092 = DIRECTION('',(1.,0.,0.));
#4093 = ORIENTED_EDGE('',*,*,#4094,.F.);
#4094 = EDGE_CURVE('',#4095,#4087,#4097,.T.);
#4095 = VERTEX_POINT('',#4096);
#4096 = CARTESIAN_POINT('',(-0.3,0.25,0.315));
#4097 = CIRCLE('',#4098,3.5E-02);
#4098 = AXIS2_PLACEMENT_3D('',#4099,#4100,#4101);
#4099 = CARTESIAN_POINT('',(-0.335,0.25,0.315));
#4100 = DIRECTION('',(0.,-1.,0.));
#4101 = DIRECTION('',(0.,0.,1.));
#4102 = ORIENTED_EDGE('',*,*,#4103,.F.);
#4103 = EDGE_CURVE('',#4104,#4095,#4106,.T.);
#4104 = VERTEX_POINT('',#4105);
#4105 = CARTESIAN_POINT('',(-0.465,0.25,0.315));
#4106 = LINE('',#4107,#4108);
#4107 = CARTESIAN_POINT('',(-0.465,0.25,0.315));
#4108 = VECTOR('',#4109,1.);
#4109 = DIRECTION('',(1.,0.,0.));
#4110 = ORIENTED_EDGE('',*,*,#4111,.F.);
#4111 = EDGE_CURVE('',#4112,#4104,#4114,.T.);
#4112 = VERTEX_POINT('',#4113);
#4113 = CARTESIAN_POINT('',(-0.465,0.25,3.5E-02));
#4114 = LINE('',#4115,#4116);
#4115 = CARTESIAN_POINT('',(-0.465,0.25,3.5E-02));
#4116 = VECTOR('',#4117,1.);
#4117 = DIRECTION('',(0.,0.,1.));
#4118 = ORIENTED_EDGE('',*,*,#4119,.T.);
#4119 = EDGE_CURVE('',#4112,#4120,#4122,.T.);
#4120 = VERTEX_POINT('',#4121);
#4121 = CARTESIAN_POINT('',(-0.3,0.25,3.5E-02));
#4122 = LINE('',#4123,#4124);
#4123 = CARTESIAN_POINT('',(-0.465,0.25,3.5E-02));
#4124 = VECTOR('',#4125,1.);
#4125 = DIRECTION('',(1.,0.,0.));
#4126 = ORIENTED_EDGE('',*,*,#4127,.T.);
#4127 = EDGE_CURVE('',#4120,#4076,#4128,.T.);
#4128 = CIRCLE('',#4129,3.5E-02);
#4129 = AXIS2_PLACEMENT_3D('',#4130,#4131,#4132);
#4130 = CARTESIAN_POINT('',(-0.335,0.25,3.5E-02));
#4131 = DIRECTION('',(0.,1.,0.));
#4132 = DIRECTION('',(0.,-0.,1.));
#4133 = PLANE('',#4134);
#4134 = AXIS2_PLACEMENT_3D('',#4135,#4136,#4137);
#4135 = CARTESIAN_POINT('',(-0.5,0.25,0.));
#4136 = DIRECTION('',(0.,1.,0.));
#4137 = DIRECTION('',(0.,-0.,1.));
#4138 = ADVANCED_FACE('',(#4139),#4150,.F.);
#4139 = FACE_BOUND('',#4140,.F.);
#4140 = EDGE_LOOP('',(#4141,#4142,#4143,#4144));
#4141 = ORIENTED_EDGE('',*,*,#4075,.F.);
#4142 = ORIENTED_EDGE('',*,*,#4035,.F.);
#4143 = ORIENTED_EDGE('',*,*,#3942,.T.);
#4144 = ORIENTED_EDGE('',*,*,#4145,.T.);
#4145 = EDGE_CURVE('',#3945,#4076,#4146,.T.);
#4146 = LINE('',#4147,#4148);
#4147 = CARTESIAN_POINT('',(-0.335,-0.25,-2.775557561563E-17));
#4148 = VECTOR('',#4149,1.);
#4149 = DIRECTION('',(0.,1.,0.));
#4150 = PLANE('',#4151);
#4151 = AXIS2_PLACEMENT_3D('',#4152,#4153,#4154);
#4152 = CARTESIAN_POINT('',(-0.5,-0.25,0.));
#4153 = DIRECTION('',(0.,0.,1.));
#4154 = DIRECTION('',(1.,0.,-0.));
#4155 = ADVANCED_FACE('',(#4156),#4167,.T.);
#4156 = FACE_BOUND('',#4157,.T.);
#4157 = EDGE_LOOP('',(#4158,#4159,#4160,#4161));
#4158 = ORIENTED_EDGE('',*,*,#4010,.T.);
#4159 = ORIENTED_EDGE('',*,*,#4145,.T.);
#4160 = ORIENTED_EDGE('',*,*,#4127,.F.);
#4161 = ORIENTED_EDGE('',*,*,#4162,.F.);
#4162 = EDGE_CURVE('',#4003,#4120,#4163,.T.);
#4163 = LINE('',#4164,#4165);
#4164 = CARTESIAN_POINT('',(-0.3,-0.25,3.5E-02));
#4165 = VECTOR('',#4166,1.);
#4166 = DIRECTION('',(0.,1.,0.));
#4167 = CYLINDRICAL_SURFACE('',#4168,3.5E-02);
#4168 = AXIS2_PLACEMENT_3D('',#4169,#4170,#4171);
#4169 = CARTESIAN_POINT('',(-0.335,-0.25,3.5E-02));
#4170 = DIRECTION('',(0.,1.,0.));
#4171 = DIRECTION('',(1.,0.,0.));
#4172 = ADVANCED_FACE('',(#4173),#4216,.F.);
#4173 = FACE_BOUND('',#4174,.F.);
#4174 = EDGE_LOOP('',(#4175,#4176,#4177,#4178,#4186,#4194,#4202,#4210));
#4175 = ORIENTED_EDGE('',*,*,#4002,.F.);
#4176 = ORIENTED_EDGE('',*,*,#3994,.T.);
#4177 = ORIENTED_EDGE('',*,*,#3986,.T.);
#4178 = ORIENTED_EDGE('',*,*,#4179,.T.);
#4179 = EDGE_CURVE('',#3978,#4180,#4182,.T.);
#4180 = VERTEX_POINT('',#4181);
#4181 = CARTESIAN_POINT('',(0.3,-0.25,0.315));
#4182 = LINE('',#4183,#4184);
#4183 = CARTESIAN_POINT('',(-0.3,-0.25,0.315));
#4184 = VECTOR('',#4185,1.);
#4185 = DIRECTION('',(1.,0.,0.));
#4186 = ORIENTED_EDGE('',*,*,#4187,.T.);
#4187 = EDGE_CURVE('',#4180,#4188,#4190,.T.);
#4188 = VERTEX_POINT('',#4189);
#4189 = CARTESIAN_POINT('',(0.465,-0.25,0.315));
#4190 = LINE('',#4191,#4192);
#4191 = CARTESIAN_POINT('',(-0.465,-0.25,0.315));
#4192 = VECTOR('',#4193,1.);
#4193 = DIRECTION('',(1.,0.,0.));
#4194 = ORIENTED_EDGE('',*,*,#4195,.F.);
#4195 = EDGE_CURVE('',#4196,#4188,#4198,.T.);
#4196 = VERTEX_POINT('',#4197);
#4197 = CARTESIAN_POINT('',(0.465,-0.25,3.5E-02));
#4198 = LINE('',#4199,#4200);
#4199 = CARTESIAN_POINT('',(0.465,-0.25,3.5E-02));
#4200 = VECTOR('',#4201,1.);
#4201 = DIRECTION('',(0.,0.,1.));
#4202 = ORIENTED_EDGE('',*,*,#4203,.F.);
#4203 = EDGE_CURVE('',#4204,#4196,#4206,.T.);
#4204 = VERTEX_POINT('',#4205);
#4205 = CARTESIAN_POINT('',(0.3,-0.25,3.5E-02));
#4206 = LINE('',#4207,#4208);
#4207 = CARTESIAN_POINT('',(-0.465,-0.25,3.5E-02));
#4208 = VECTOR('',#4209,1.);
#4209 = DIRECTION('',(1.,0.,0.));
#4210 = ORIENTED_EDGE('',*,*,#4211,.F.);
#4211 = EDGE_CURVE('',#4003,#4204,#4212,.T.);
#4212 = LINE('',#4213,#4214);
#4213 = CARTESIAN_POINT('',(-0.465,-0.25,3.5E-02));
#4214 = VECTOR('',#4215,1.);
#4215 = DIRECTION('',(1.,0.,0.));
#4216 = PLANE('',#4217);
#4217 = AXIS2_PLACEMENT_3D('',#4218,#4219,#4220);
#4218 = CARTESIAN_POINT('',(-0.465,-0.25,3.5E-02));
#4219 = DIRECTION('',(0.,1.,0.));
#4220 = DIRECTION('',(0.,-0.,1.));
#4221 = ADVANCED_FACE('',(#4222),#4233,.T.);
#4222 = FACE_BOUND('',#4223,.T.);
#4223 = EDGE_LOOP('',(#4224,#4225,#4226,#4227));
#4224 = ORIENTED_EDGE('',*,*,#4086,.F.);
#4225 = ORIENTED_EDGE('',*,*,#4051,.F.);
#4226 = ORIENTED_EDGE('',*,*,#3969,.T.);
#4227 = ORIENTED_EDGE('',*,*,#4228,.T.);
#4228 = EDGE_CURVE('',#3970,#4087,#4229,.T.);
#4229 = LINE('',#4230,#4231);
#4230 = CARTESIAN_POINT('',(-0.335,-0.25,0.35));
#4231 = VECTOR('',#4232,1.);
#4232 = DIRECTION('',(0.,1.,0.));
#4233 = PLANE('',#4234);
#4234 = AXIS2_PLACEMENT_3D('',#4235,#4236,#4237);
#4235 = CARTESIAN_POINT('',(-0.5,-0.25,0.35));
#4236 = DIRECTION('',(0.,0.,1.));
#4237 = DIRECTION('',(1.,0.,-0.));
#4238 = ADVANCED_FACE('',(#4239),#4250,.T.);
#4239 = FACE_BOUND('',#4240,.T.);
#4240 = EDGE_LOOP('',(#4241,#4247,#4248,#4249));
#4241 = ORIENTED_EDGE('',*,*,#4242,.T.);
#4242 = EDGE_CURVE('',#3978,#4095,#4243,.T.);
#4243 = LINE('',#4244,#4245);
#4244 = CARTESIAN_POINT('',(-0.3,-0.25,0.315));
#4245 = VECTOR('',#4246,1.);
#4246 = DIRECTION('',(0.,1.,0.));
#4247 = ORIENTED_EDGE('',*,*,#4094,.T.);
#4248 = ORIENTED_EDGE('',*,*,#4228,.F.);
#4249 = ORIENTED_EDGE('',*,*,#3977,.F.);
#4250 = CYLINDRICAL_SURFACE('',#4251,3.5E-02);
#4251 = AXIS2_PLACEMENT_3D('',#4252,#4253,#4254);
#4252 = CARTESIAN_POINT('',(-0.335,-0.25,0.315));
#4253 = DIRECTION('',(0.,1.,0.));
#4254 = DIRECTION('',(1.,0.,0.));
#4255 = ADVANCED_FACE('',(#4256),#4299,.T.);
#4256 = FACE_BOUND('',#4257,.T.);
#4257 = EDGE_LOOP('',(#4258,#4259,#4260,#4261,#4269,#4277,#4285,#4293));
#4258 = ORIENTED_EDGE('',*,*,#4119,.F.);
#4259 = ORIENTED_EDGE('',*,*,#4111,.T.);
#4260 = ORIENTED_EDGE('',*,*,#4103,.T.);
#4261 = ORIENTED_EDGE('',*,*,#4262,.T.);
#4262 = EDGE_CURVE('',#4095,#4263,#4265,.T.);
#4263 = VERTEX_POINT('',#4264);
#4264 = CARTESIAN_POINT('',(0.3,0.25,0.315));
#4265 = LINE('',#4266,#4267);
#4266 = CARTESIAN_POINT('',(-0.3,0.25,0.315));
#4267 = VECTOR('',#4268,1.);
#4268 = DIRECTION('',(1.,0.,0.));
#4269 = ORIENTED_EDGE('',*,*,#4270,.T.);
#4270 = EDGE_CURVE('',#4263,#4271,#4273,.T.);
#4271 = VERTEX_POINT('',#4272);
#4272 = CARTESIAN_POINT('',(0.465,0.25,0.315));
#4273 = LINE('',#4274,#4275);
#4274 = CARTESIAN_POINT('',(-0.465,0.25,0.315));
#4275 = VECTOR('',#4276,1.);
#4276 = DIRECTION('',(1.,0.,0.));
#4277 = ORIENTED_EDGE('',*,*,#4278,.F.);
#4278 = EDGE_CURVE('',#4279,#4271,#4281,.T.);
#4279 = VERTEX_POINT('',#4280);
#4280 = CARTESIAN_POINT('',(0.465,0.25,3.5E-02));
#4281 = LINE('',#4282,#4283);
#4282 = CARTESIAN_POINT('',(0.465,0.25,3.5E-02));
#4283 = VECTOR('',#4284,1.);
#4284 = DIRECTION('',(0.,0.,1.));
#4285 = ORIENTED_EDGE('',*,*,#4286,.F.);
#4286 = EDGE_CURVE('',#4287,#4279,#4289,.T.);
#4287 = VERTEX_POINT('',#4288);
#4288 = CARTESIAN_POINT('',(0.3,0.25,3.5E-02));
#4289 = LINE('',#4290,#4291);
#4290 = CARTESIAN_POINT('',(-0.465,0.25,3.5E-02));
#4291 = VECTOR('',#4292,1.);
#4292 = DIRECTION('',(1.,0.,0.));
#4293 = ORIENTED_EDGE('',*,*,#4294,.F.);
#4294 = EDGE_CURVE('',#4120,#4287,#4295,.T.);
#4295 = LINE('',#4296,#4297);
#4296 = CARTESIAN_POINT('',(-0.465,0.25,3.5E-02));
#4297 = VECTOR('',#4298,1.);
#4298 = DIRECTION('',(1.,0.,0.));
#4299 = PLANE('',#4300);
#4300 = AXIS2_PLACEMENT_3D('',#4301,#4302,#4303);
#4301 = CARTESIAN_POINT('',(-0.465,0.25,3.5E-02));
#4302 = DIRECTION('',(0.,1.,0.));
#4303 = DIRECTION('',(0.,-0.,1.));
#4304 = ADVANCED_FACE('',(#4305),#4316,.F.);
#4305 = FACE_BOUND('',#4306,.F.);
#4306 = EDGE_LOOP('',(#4307,#4308,#4309,#4315));
#4307 = ORIENTED_EDGE('',*,*,#4162,.F.);
#4308 = ORIENTED_EDGE('',*,*,#4211,.T.);
#4309 = ORIENTED_EDGE('',*,*,#4310,.T.);
#4310 = EDGE_CURVE('',#4204,#4287,#4311,.T.);
#4311 = LINE('',#4312,#4313);
#4312 = CARTESIAN_POINT('',(0.3,-0.25,3.5E-02));
#4313 = VECTOR('',#4314,1.);
#4314 = DIRECTION('',(0.,1.,0.));
#4315 = ORIENTED_EDGE('',*,*,#4294,.F.);
#4316 = PLANE('',#4317);
#4317 = AXIS2_PLACEMENT_3D('',#4318,#4319,#4320);
#4318 = CARTESIAN_POINT('',(-0.465,-0.25,3.5E-02));
#4319 = DIRECTION('',(0.,0.,1.));
#4320 = DIRECTION('',(1.,0.,-0.));
#4321 = ADVANCED_FACE('',(#4322),#4385,.F.);
#4322 = FACE_BOUND('',#4323,.F.);
#4323 = EDGE_LOOP('',(#4324,#4334,#4341,#4342,#4343,#4344,#4353,#4361,
    #4370,#4378));
#4324 = ORIENTED_EDGE('',*,*,#4325,.F.);
#4325 = EDGE_CURVE('',#4326,#4328,#4330,.T.);
#4326 = VERTEX_POINT('',#4327);
#4327 = CARTESIAN_POINT('',(0.335,-0.25,-2.775557561563E-17));
#4328 = VERTEX_POINT('',#4329);
#4329 = CARTESIAN_POINT('',(0.465,-0.25,-2.775557561563E-17));
#4330 = LINE('',#4331,#4332);
#4331 = CARTESIAN_POINT('',(0.3,-0.25,0.));
#4332 = VECTOR('',#4333,1.);
#4333 = DIRECTION('',(1.,0.,0.));
#4334 = ORIENTED_EDGE('',*,*,#4335,.F.);
#4335 = EDGE_CURVE('',#4204,#4326,#4336,.T.);
#4336 = CIRCLE('',#4337,3.5E-02);
#4337 = AXIS2_PLACEMENT_3D('',#4338,#4339,#4340);
#4338 = CARTESIAN_POINT('',(0.335,-0.25,3.5E-02));
#4339 = DIRECTION('',(0.,-1.,0.));
#4340 = DIRECTION('',(0.,0.,1.));
#4341 = ORIENTED_EDGE('',*,*,#4203,.T.);
#4342 = ORIENTED_EDGE('',*,*,#4195,.T.);
#4343 = ORIENTED_EDGE('',*,*,#4187,.F.);
#4344 = ORIENTED_EDGE('',*,*,#4345,.T.);
#4345 = EDGE_CURVE('',#4180,#4346,#4348,.T.);
#4346 = VERTEX_POINT('',#4347);
#4347 = CARTESIAN_POINT('',(0.335,-0.25,0.35));
#4348 = CIRCLE('',#4349,3.5E-02);
#4349 = AXIS2_PLACEMENT_3D('',#4350,#4351,#4352);
#4350 = CARTESIAN_POINT('',(0.335,-0.25,0.315));
#4351 = DIRECTION('',(0.,1.,0.));
#4352 = DIRECTION('',(0.,-0.,1.));
#4353 = ORIENTED_EDGE('',*,*,#4354,.T.);
#4354 = EDGE_CURVE('',#4346,#4355,#4357,.T.);
#4355 = VERTEX_POINT('',#4356);
#4356 = CARTESIAN_POINT('',(0.465,-0.25,0.35));
#4357 = LINE('',#4358,#4359);
#4358 = CARTESIAN_POINT('',(0.3,-0.25,0.35));
#4359 = VECTOR('',#4360,1.);
#4360 = DIRECTION('',(1.,0.,0.));
#4361 = ORIENTED_EDGE('',*,*,#4362,.F.);
#4362 = EDGE_CURVE('',#4363,#4355,#4365,.T.);
#4363 = VERTEX_POINT('',#4364);
#4364 = CARTESIAN_POINT('',(0.5,-0.25,0.315));
#4365 = CIRCLE('',#4366,3.5E-02);
#4366 = AXIS2_PLACEMENT_3D('',#4367,#4368,#4369);
#4367 = CARTESIAN_POINT('',(0.465,-0.25,0.315));
#4368 = DIRECTION('',(0.,-1.,0.));
#4369 = DIRECTION('',(0.,0.,1.));
#4370 = ORIENTED_EDGE('',*,*,#4371,.F.);
#4371 = EDGE_CURVE('',#4372,#4363,#4374,.T.);
#4372 = VERTEX_POINT('',#4373);
#4373 = CARTESIAN_POINT('',(0.5,-0.25,3.5E-02));
#4374 = LINE('',#4375,#4376);
#4375 = CARTESIAN_POINT('',(0.5,-0.25,0.));
#4376 = VECTOR('',#4377,1.);
#4377 = DIRECTION('',(0.,0.,1.));
#4378 = ORIENTED_EDGE('',*,*,#4379,.T.);
#4379 = EDGE_CURVE('',#4372,#4328,#4380,.T.);
#4380 = CIRCLE('',#4381,3.5E-02);
#4381 = AXIS2_PLACEMENT_3D('',#4382,#4383,#4384);
#4382 = CARTESIAN_POINT('',(0.465,-0.25,3.5E-02));
#4383 = DIRECTION('',(0.,1.,0.));
#4384 = DIRECTION('',(0.,-0.,1.));
#4385 = PLANE('',#4386);
#4386 = AXIS2_PLACEMENT_3D('',#4387,#4388,#4389);
#4387 = CARTESIAN_POINT('',(0.3,-0.25,0.));
#4388 = DIRECTION('',(0.,1.,0.));
#4389 = DIRECTION('',(0.,-0.,1.));
#4390 = ADVANCED_FACE('',(#4391),#4416,.F.);
#4391 = FACE_BOUND('',#4392,.F.);
#4392 = EDGE_LOOP('',(#4393,#4394,#4402,#4410));
#4393 = ORIENTED_EDGE('',*,*,#4179,.F.);
#4394 = ORIENTED_EDGE('',*,*,#4395,.T.);
#4395 = EDGE_CURVE('',#3978,#4396,#4398,.T.);
#4396 = VERTEX_POINT('',#4397);
#4397 = CARTESIAN_POINT('',(-0.3,-0.25,0.35));
#4398 = LINE('',#4399,#4400);
#4399 = CARTESIAN_POINT('',(-0.3,-0.25,0.315));
#4400 = VECTOR('',#4401,1.);
#4401 = DIRECTION('',(0.,0.,1.));
#4402 = ORIENTED_EDGE('',*,*,#4403,.T.);
#4403 = EDGE_CURVE('',#4396,#4404,#4406,.T.);
#4404 = VERTEX_POINT('',#4405);
#4405 = CARTESIAN_POINT('',(0.3,-0.25,0.35));
#4406 = LINE('',#4407,#4408);
#4407 = CARTESIAN_POINT('',(-0.3,-0.25,0.35));
#4408 = VECTOR('',#4409,1.);
#4409 = DIRECTION('',(1.,0.,0.));
#4410 = ORIENTED_EDGE('',*,*,#4411,.F.);
#4411 = EDGE_CURVE('',#4180,#4404,#4412,.T.);
#4412 = LINE('',#4413,#4414);
#4413 = CARTESIAN_POINT('',(0.3,-0.25,0.315));
#4414 = VECTOR('',#4415,1.);
#4415 = DIRECTION('',(0.,0.,1.));
#4416 = PLANE('',#4417);
#4417 = AXIS2_PLACEMENT_3D('',#4418,#4419,#4420);
#4418 = CARTESIAN_POINT('',(-0.3,-0.25,0.315));
#4419 = DIRECTION('',(0.,1.,0.));
#4420 = DIRECTION('',(0.,-0.,1.));
#4421 = ADVANCED_FACE('',(#4422),#4440,.F.);
#4422 = FACE_BOUND('',#4423,.F.);
#4423 = EDGE_LOOP('',(#4424,#4425,#4426,#4434));
#4424 = ORIENTED_EDGE('',*,*,#4395,.F.);
#4425 = ORIENTED_EDGE('',*,*,#4242,.T.);
#4426 = ORIENTED_EDGE('',*,*,#4427,.T.);
#4427 = EDGE_CURVE('',#4095,#4428,#4430,.T.);
#4428 = VERTEX_POINT('',#4429);
#4429 = CARTESIAN_POINT('',(-0.3,0.25,0.35));
#4430 = LINE('',#4431,#4432);
#4431 = CARTESIAN_POINT('',(-0.3,0.25,0.315));
#4432 = VECTOR('',#4433,1.);
#4433 = DIRECTION('',(0.,0.,1.));
#4434 = ORIENTED_EDGE('',*,*,#4435,.F.);
#4435 = EDGE_CURVE('',#4396,#4428,#4436,.T.);
#4436 = LINE('',#4437,#4438);
#4437 = CARTESIAN_POINT('',(-0.3,-0.25,0.35));
#4438 = VECTOR('',#4439,1.);
#4439 = DIRECTION('',(0.,1.,0.));
#4440 = PLANE('',#4441);
#4441 = AXIS2_PLACEMENT_3D('',#4442,#4443,#4444);
#4442 = CARTESIAN_POINT('',(-0.3,-0.25,0.315));
#4443 = DIRECTION('',(1.,0.,0.));
#4444 = DIRECTION('',(0.,0.,1.));
#4445 = ADVANCED_FACE('',(#4446),#4509,.T.);
#4446 = FACE_BOUND('',#4447,.T.);
#4447 = EDGE_LOOP('',(#4448,#4458,#4465,#4466,#4467,#4468,#4477,#4485,
    #4494,#4502));
#4448 = ORIENTED_EDGE('',*,*,#4449,.F.);
#4449 = EDGE_CURVE('',#4450,#4452,#4454,.T.);
#4450 = VERTEX_POINT('',#4451);
#4451 = CARTESIAN_POINT('',(0.335,0.25,-2.775557561563E-17));
#4452 = VERTEX_POINT('',#4453);
#4453 = CARTESIAN_POINT('',(0.465,0.25,-2.775557561563E-17));
#4454 = LINE('',#4455,#4456);
#4455 = CARTESIAN_POINT('',(0.3,0.25,0.));
#4456 = VECTOR('',#4457,1.);
#4457 = DIRECTION('',(1.,0.,0.));
#4458 = ORIENTED_EDGE('',*,*,#4459,.F.);
#4459 = EDGE_CURVE('',#4287,#4450,#4460,.T.);
#4460 = CIRCLE('',#4461,3.5E-02);
#4461 = AXIS2_PLACEMENT_3D('',#4462,#4463,#4464);
#4462 = CARTESIAN_POINT('',(0.335,0.25,3.5E-02));
#4463 = DIRECTION('',(0.,-1.,0.));
#4464 = DIRECTION('',(0.,0.,1.));
#4465 = ORIENTED_EDGE('',*,*,#4286,.T.);
#4466 = ORIENTED_EDGE('',*,*,#4278,.T.);
#4467 = ORIENTED_EDGE('',*,*,#4270,.F.);
#4468 = ORIENTED_EDGE('',*,*,#4469,.T.);
#4469 = EDGE_CURVE('',#4263,#4470,#4472,.T.);
#4470 = VERTEX_POINT('',#4471);
#4471 = CARTESIAN_POINT('',(0.335,0.25,0.35));
#4472 = CIRCLE('',#4473,3.5E-02);
#4473 = AXIS2_PLACEMENT_3D('',#4474,#4475,#4476);
#4474 = CARTESIAN_POINT('',(0.335,0.25,0.315));
#4475 = DIRECTION('',(0.,1.,0.));
#4476 = DIRECTION('',(0.,-0.,1.));
#4477 = ORIENTED_EDGE('',*,*,#4478,.T.);
#4478 = EDGE_CURVE('',#4470,#4479,#4481,.T.);
#4479 = VERTEX_POINT('',#4480);
#4480 = CARTESIAN_POINT('',(0.465,0.25,0.35));
#4481 = LINE('',#4482,#4483);
#4482 = CARTESIAN_POINT('',(0.3,0.25,0.35));
#4483 = VECTOR('',#4484,1.);
#4484 = DIRECTION('',(1.,0.,0.));
#4485 = ORIENTED_EDGE('',*,*,#4486,.F.);
#4486 = EDGE_CURVE('',#4487,#4479,#4489,.T.);
#4487 = VERTEX_POINT('',#4488);
#4488 = CARTESIAN_POINT('',(0.5,0.25,0.315));
#4489 = CIRCLE('',#4490,3.5E-02);
#4490 = AXIS2_PLACEMENT_3D('',#4491,#4492,#4493);
#4491 = CARTESIAN_POINT('',(0.465,0.25,0.315));
#4492 = DIRECTION('',(0.,-1.,0.));
#4493 = DIRECTION('',(0.,0.,1.));
#4494 = ORIENTED_EDGE('',*,*,#4495,.F.);
#4495 = EDGE_CURVE('',#4496,#4487,#4498,.T.);
#4496 = VERTEX_POINT('',#4497);
#4497 = CARTESIAN_POINT('',(0.5,0.25,3.5E-02));
#4498 = LINE('',#4499,#4500);
#4499 = CARTESIAN_POINT('',(0.5,0.25,0.));
#4500 = VECTOR('',#4501,1.);
#4501 = DIRECTION('',(0.,0.,1.));
#4502 = ORIENTED_EDGE('',*,*,#4503,.T.);
#4503 = EDGE_CURVE('',#4496,#4452,#4504,.T.);
#4504 = CIRCLE('',#4505,3.5E-02);
#4505 = AXIS2_PLACEMENT_3D('',#4506,#4507,#4508);
#4506 = CARTESIAN_POINT('',(0.465,0.25,3.5E-02));
#4507 = DIRECTION('',(0.,1.,0.));
#4508 = DIRECTION('',(0.,-0.,1.));
#4509 = PLANE('',#4510);
#4510 = AXIS2_PLACEMENT_3D('',#4511,#4512,#4513);
#4511 = CARTESIAN_POINT('',(0.3,0.25,0.));
#4512 = DIRECTION('',(0.,1.,0.));
#4513 = DIRECTION('',(0.,-0.,1.));
#4514 = ADVANCED_FACE('',(#4515),#4533,.T.);
#4515 = FACE_BOUND('',#4516,.T.);
#4516 = EDGE_LOOP('',(#4517,#4518,#4519,#4527));
#4517 = ORIENTED_EDGE('',*,*,#4262,.F.);
#4518 = ORIENTED_EDGE('',*,*,#4427,.T.);
#4519 = ORIENTED_EDGE('',*,*,#4520,.T.);
#4520 = EDGE_CURVE('',#4428,#4521,#4523,.T.);
#4521 = VERTEX_POINT('',#4522);
#4522 = CARTESIAN_POINT('',(0.3,0.25,0.35));
#4523 = LINE('',#4524,#4525);
#4524 = CARTESIAN_POINT('',(-0.3,0.25,0.35));
#4525 = VECTOR('',#4526,1.);
#4526 = DIRECTION('',(1.,0.,0.));
#4527 = ORIENTED_EDGE('',*,*,#4528,.F.);
#4528 = EDGE_CURVE('',#4263,#4521,#4529,.T.);
#4529 = LINE('',#4530,#4531);
#4530 = CARTESIAN_POINT('',(0.3,0.25,0.315));
#4531 = VECTOR('',#4532,1.);
#4532 = DIRECTION('',(0.,0.,1.));
#4533 = PLANE('',#4534);
#4534 = AXIS2_PLACEMENT_3D('',#4535,#4536,#4537);
#4535 = CARTESIAN_POINT('',(-0.3,0.25,0.315));
#4536 = DIRECTION('',(0.,1.,0.));
#4537 = DIRECTION('',(0.,-0.,1.));
#4538 = ADVANCED_FACE('',(#4539),#4550,.T.);
#4539 = FACE_BOUND('',#4540,.T.);
#4540 = EDGE_LOOP('',(#4541,#4542,#4543,#4549));
#4541 = ORIENTED_EDGE('',*,*,#4310,.T.);
#4542 = ORIENTED_EDGE('',*,*,#4459,.T.);
#4543 = ORIENTED_EDGE('',*,*,#4544,.F.);
#4544 = EDGE_CURVE('',#4326,#4450,#4545,.T.);
#4545 = LINE('',#4546,#4547);
#4546 = CARTESIAN_POINT('',(0.335,-0.25,-2.775557561563E-17));
#4547 = VECTOR('',#4548,1.);
#4548 = DIRECTION('',(0.,1.,0.));
#4549 = ORIENTED_EDGE('',*,*,#4335,.F.);
#4550 = CYLINDRICAL_SURFACE('',#4551,3.5E-02);
#4551 = AXIS2_PLACEMENT_3D('',#4552,#4553,#4554);
#4552 = CARTESIAN_POINT('',(0.335,-0.25,3.5E-02));
#4553 = DIRECTION('',(0.,1.,0.));
#4554 = DIRECTION('',(-1.,0.,0.));
#4555 = ADVANCED_FACE('',(#4556),#4567,.F.);
#4556 = FACE_BOUND('',#4557,.F.);
#4557 = EDGE_LOOP('',(#4558,#4559,#4560,#4561));
#4558 = ORIENTED_EDGE('',*,*,#4449,.F.);
#4559 = ORIENTED_EDGE('',*,*,#4544,.F.);
#4560 = ORIENTED_EDGE('',*,*,#4325,.T.);
#4561 = ORIENTED_EDGE('',*,*,#4562,.T.);
#4562 = EDGE_CURVE('',#4328,#4452,#4563,.T.);
#4563 = LINE('',#4564,#4565);
#4564 = CARTESIAN_POINT('',(0.465,-0.25,-2.775557561563E-17));
#4565 = VECTOR('',#4566,1.);
#4566 = DIRECTION('',(0.,1.,0.));
#4567 = PLANE('',#4568);
#4568 = AXIS2_PLACEMENT_3D('',#4569,#4570,#4571);
#4569 = CARTESIAN_POINT('',(0.3,-0.25,0.));
#4570 = DIRECTION('',(0.,0.,1.));
#4571 = DIRECTION('',(1.,0.,-0.));
#4572 = ADVANCED_FACE('',(#4573),#4584,.T.);
#4573 = FACE_BOUND('',#4574,.T.);
#4574 = EDGE_LOOP('',(#4575,#4576,#4577,#4578));
#4575 = ORIENTED_EDGE('',*,*,#4379,.T.);
#4576 = ORIENTED_EDGE('',*,*,#4562,.T.);
#4577 = ORIENTED_EDGE('',*,*,#4503,.F.);
#4578 = ORIENTED_EDGE('',*,*,#4579,.F.);
#4579 = EDGE_CURVE('',#4372,#4496,#4580,.T.);
#4580 = LINE('',#4581,#4582);
#4581 = CARTESIAN_POINT('',(0.5,-0.25,3.5E-02));
#4582 = VECTOR('',#4583,1.);
#4583 = DIRECTION('',(0.,1.,0.));
#4584 = CYLINDRICAL_SURFACE('',#4585,3.5E-02);
#4585 = AXIS2_PLACEMENT_3D('',#4586,#4587,#4588);
#4586 = CARTESIAN_POINT('',(0.465,-0.25,3.5E-02));
#4587 = DIRECTION('',(0.,1.,0.));
#4588 = DIRECTION('',(1.,0.,0.));
#4589 = ADVANCED_FACE('',(#4590),#4601,.T.);
#4590 = FACE_BOUND('',#4591,.T.);
#4591 = EDGE_LOOP('',(#4592,#4593,#4594,#4595));
#4592 = ORIENTED_EDGE('',*,*,#4371,.F.);
#4593 = ORIENTED_EDGE('',*,*,#4579,.T.);
#4594 = ORIENTED_EDGE('',*,*,#4495,.T.);
#4595 = ORIENTED_EDGE('',*,*,#4596,.F.);
#4596 = EDGE_CURVE('',#4363,#4487,#4597,.T.);
#4597 = LINE('',#4598,#4599);
#4598 = CARTESIAN_POINT('',(0.5,-0.25,0.315));
#4599 = VECTOR('',#4600,1.);
#4600 = DIRECTION('',(0.,1.,0.));
#4601 = PLANE('',#4602);
#4602 = AXIS2_PLACEMENT_3D('',#4603,#4604,#4605);
#4603 = CARTESIAN_POINT('',(0.5,-0.25,0.));
#4604 = DIRECTION('',(1.,0.,0.));
#4605 = DIRECTION('',(0.,0.,1.));
#4606 = ADVANCED_FACE('',(#4607),#4618,.T.);
#4607 = FACE_BOUND('',#4608,.T.);
#4608 = EDGE_LOOP('',(#4609,#4610,#4611,#4617));
#4609 = ORIENTED_EDGE('',*,*,#4596,.T.);
#4610 = ORIENTED_EDGE('',*,*,#4486,.T.);
#4611 = ORIENTED_EDGE('',*,*,#4612,.F.);
#4612 = EDGE_CURVE('',#4355,#4479,#4613,.T.);
#4613 = LINE('',#4614,#4615);
#4614 = CARTESIAN_POINT('',(0.465,-0.25,0.35));
#4615 = VECTOR('',#4616,1.);
#4616 = DIRECTION('',(0.,1.,0.));
#4617 = ORIENTED_EDGE('',*,*,#4362,.F.);
#4618 = CYLINDRICAL_SURFACE('',#4619,3.5E-02);
#4619 = AXIS2_PLACEMENT_3D('',#4620,#4621,#4622);
#4620 = CARTESIAN_POINT('',(0.465,-0.25,0.315));
#4621 = DIRECTION('',(0.,1.,0.));
#4622 = DIRECTION('',(1.,0.,0.));
#4623 = ADVANCED_FACE('',(#4624),#4635,.T.);
#4624 = FACE_BOUND('',#4625,.T.);
#4625 = EDGE_LOOP('',(#4626,#4627,#4633,#4634));
#4626 = ORIENTED_EDGE('',*,*,#4478,.F.);
#4627 = ORIENTED_EDGE('',*,*,#4628,.F.);
#4628 = EDGE_CURVE('',#4346,#4470,#4629,.T.);
#4629 = LINE('',#4630,#4631);
#4630 = CARTESIAN_POINT('',(0.335,-0.25,0.35));
#4631 = VECTOR('',#4632,1.);
#4632 = DIRECTION('',(0.,1.,0.));
#4633 = ORIENTED_EDGE('',*,*,#4354,.T.);
#4634 = ORIENTED_EDGE('',*,*,#4612,.T.);
#4635 = PLANE('',#4636);
#4636 = AXIS2_PLACEMENT_3D('',#4637,#4638,#4639);
#4637 = CARTESIAN_POINT('',(0.3,-0.25,0.35));
#4638 = DIRECTION('',(0.,0.,1.));
#4639 = DIRECTION('',(1.,0.,-0.));
#4640 = ADVANCED_FACE('',(#4641),#4652,.T.);
#4641 = FACE_BOUND('',#4642,.T.);
#4642 = EDGE_LOOP('',(#4643,#4644,#4645,#4646));
#4643 = ORIENTED_EDGE('',*,*,#4345,.T.);
#4644 = ORIENTED_EDGE('',*,*,#4628,.T.);
#4645 = ORIENTED_EDGE('',*,*,#4469,.F.);
#4646 = ORIENTED_EDGE('',*,*,#4647,.F.);
#4647 = EDGE_CURVE('',#4180,#4263,#4648,.T.);
#4648 = LINE('',#4649,#4650);
#4649 = CARTESIAN_POINT('',(0.3,-0.25,0.315));
#4650 = VECTOR('',#4651,1.);
#4651 = DIRECTION('',(0.,1.,0.));
#4652 = CYLINDRICAL_SURFACE('',#4653,3.5E-02);
#4653 = AXIS2_PLACEMENT_3D('',#4654,#4655,#4656);
#4654 = CARTESIAN_POINT('',(0.335,-0.25,0.315));
#4655 = DIRECTION('',(0.,1.,0.));
#4656 = DIRECTION('',(-1.,0.,0.));
#4657 = ADVANCED_FACE('',(#4658),#4669,.T.);
#4658 = FACE_BOUND('',#4659,.T.);
#4659 = EDGE_LOOP('',(#4660,#4661,#4662,#4663));
#4660 = ORIENTED_EDGE('',*,*,#4411,.F.);
#4661 = ORIENTED_EDGE('',*,*,#4647,.T.);
#4662 = ORIENTED_EDGE('',*,*,#4528,.T.);
#4663 = ORIENTED_EDGE('',*,*,#4664,.F.);
#4664 = EDGE_CURVE('',#4404,#4521,#4665,.T.);
#4665 = LINE('',#4666,#4667);
#4666 = CARTESIAN_POINT('',(0.3,-0.25,0.35));
#4667 = VECTOR('',#4668,1.);
#4668 = DIRECTION('',(0.,1.,0.));
#4669 = PLANE('',#4670);
#4670 = AXIS2_PLACEMENT_3D('',#4671,#4672,#4673);
#4671 = CARTESIAN_POINT('',(0.3,-0.25,0.315));
#4672 = DIRECTION('',(1.,0.,0.));
#4673 = DIRECTION('',(0.,0.,1.));
#4674 = ADVANCED_FACE('',(#4675),#4681,.T.);
#4675 = FACE_BOUND('',#4676,.T.);
#4676 = EDGE_LOOP('',(#4677,#4678,#4679,#4680));
#4677 = ORIENTED_EDGE('',*,*,#4435,.F.);
#4678 = ORIENTED_EDGE('',*,*,#4403,.T.);
#4679 = ORIENTED_EDGE('',*,*,#4664,.T.);
#4680 = ORIENTED_EDGE('',*,*,#4520,.F.);
#4681 = PLANE('',#4682);
#4682 = AXIS2_PLACEMENT_3D('',#4683,#4684,#4685);
#4683 = CARTESIAN_POINT('',(-0.3,-0.25,0.35));
#4684 = DIRECTION('',(0.,0.,1.));
#4685 = DIRECTION('',(1.,0.,-0.));
#4686 = ( GEOMETRIC_REPRESENTATION_CONTEXT(3) 
GLOBAL_UNCERTAINTY_ASSIGNED_CONTEXT((#4690)) 
GLOBAL_UNIT_ASSIGNED_CONTEXT((#4687,#4688,#4689)) REPRESENTATION_CONTEXT
('Context #1','3D Context with UNIT and UNCERTAINTY') );
#4687 = ( LENGTH_UNIT() NAMED_UNIT(*) SI_UNIT(.MILLI.,.METRE.) );
#4688 = ( NAMED_UNIT(*) PLANE_ANGLE_UNIT() SI_UNIT($,.RADIAN.) );
#4689 = ( NAMED_UNIT(*) SI_UNIT($,.STERADIAN.) SOLID_ANGLE_UNIT() );
#4690 = UNCERTAINTY_MEASURE_WITH_UNIT(LENGTH_MEASURE(1.E-07),#4687,
  'distance_accuracy_value','confusion accuracy');
#4691 = CONTEXT_DEPENDENT_SHAPE_REPRESENTATION(#4692,#4694);
#4692 = ( REPRESENTATION_RELATIONSHIP('','',#3895,#10) 
REPRESENTATION_RELATIONSHIP_WITH_TRANSFORMATION(#4693) 
SHAPE_REPRESENTATION_RELATIONSHIP() );
#4693 = ITEM_DEFINED_TRANSFORMATION('','',#11,#23);
#4694 = PRODUCT_DEFINITION_SHAPE('Placement','Placement of an item',
  #4695);
#4695 = NEXT_ASSEMBLY_USAGE_OCCURRENCE('5','R1','',#5,#3890,$);
#4696 = PRODUCT_RELATED_PRODUCT_CATEGORY('part',$,(#3892));
#4697 = CONTEXT_DEPENDENT_SHAPE_REPRESENTATION(#4698,#4700);
#4698 = ( REPRESENTATION_RELATIONSHIP('','',#3022,#10) 
REPRESENTATION_RELATIONSHIP_WITH_TRANSFORMATION(#4699) 
SHAPE_REPRESENTATION_RELATIONSHIP() );
#4699 = ITEM_DEFINED_TRANSFORMATION('','',#11,#27);
#4700 = PRODUCT_DEFINITION_SHAPE('Placement','Placement of an item',
  #4701);
#4701 = NEXT_ASSEMBLY_USAGE_OCCURRENCE('6','C2','',#5,#3017,$);
#4702 = SHAPE_DEFINITION_REPRESENTATION(#4703,#4709);
#4703 = PRODUCT_DEFINITION_SHAPE('','',#4704);
#4704 = PRODUCT_DEFINITION('design','',#4705,#4708);
#4705 = PRODUCT_DEFINITION_FORMATION('','',#4706);
#4706 = PRODUCT('PCK-HALL_PCB','PCK-HALL_PCB','',(#4707));
#4707 = PRODUCT_CONTEXT('',#2,'mechanical');
#4708 = PRODUCT_DEFINITION_CONTEXT('part definition',#2,'design');
#4709 = ADVANCED_BREP_SHAPE_REPRESENTATION('',(#11,#4710),#5070);
#4710 = MANIFOLD_SOLID_BREP('',#4711);
#4711 = CLOSED_SHELL('',(#4712,#4752,#4783,#4814,#4845,#4876,#4907,#4938
    ,#4960,#4993,#5026,#5048));
#4712 = ADVANCED_FACE('',(#4713),#4747,.T.);
#4713 = FACE_BOUND('',#4714,.T.);
#4714 = EDGE_LOOP('',(#4715,#4725,#4733,#4741));
#4715 = ORIENTED_EDGE('',*,*,#4716,.T.);
#4716 = EDGE_CURVE('',#4717,#4719,#4721,.T.);
#4717 = VERTEX_POINT('',#4718);
#4718 = CARTESIAN_POINT('',(22.5,4.5,0.));
#4719 = VERTEX_POINT('',#4720);
#4720 = CARTESIAN_POINT('',(22.5,4.5,1.51));
#4721 = LINE('',#4722,#4723);
#4722 = CARTESIAN_POINT('',(22.5,4.5,0.));
#4723 = VECTOR('',#4724,1.);
#4724 = DIRECTION('',(0.,0.,1.));
#4725 = ORIENTED_EDGE('',*,*,#4726,.T.);
#4726 = EDGE_CURVE('',#4719,#4727,#4729,.T.);
#4727 = VERTEX_POINT('',#4728);
#4728 = CARTESIAN_POINT('',(22.5,-4.5,1.51));
#4729 = LINE('',#4730,#4731);
#4730 = CARTESIAN_POINT('',(22.5,4.5,1.51));
#4731 = VECTOR('',#4732,1.);
#4732 = DIRECTION('',(0.,-1.,0.));
#4733 = ORIENTED_EDGE('',*,*,#4734,.F.);
#4734 = EDGE_CURVE('',#4735,#4727,#4737,.T.);
#4735 = VERTEX_POINT('',#4736);
#4736 = CARTESIAN_POINT('',(22.5,-4.5,0.));
#4737 = LINE('',#4738,#4739);
#4738 = CARTESIAN_POINT('',(22.5,-4.5,0.));
#4739 = VECTOR('',#4740,1.);
#4740 = DIRECTION('',(0.,0.,1.));
#4741 = ORIENTED_EDGE('',*,*,#4742,.F.);
#4742 = EDGE_CURVE('',#4717,#4735,#4743,.T.);
#4743 = LINE('',#4744,#4745);
#4744 = CARTESIAN_POINT('',(22.5,4.5,0.));
#4745 = VECTOR('',#4746,1.);
#4746 = DIRECTION('',(0.,-1.,0.));
#4747 = PLANE('',#4748);
#4748 = AXIS2_PLACEMENT_3D('',#4749,#4750,#4751);
#4749 = CARTESIAN_POINT('',(22.5,4.5,0.));
#4750 = DIRECTION('',(1.,0.,-0.));
#4751 = DIRECTION('',(0.,-1.,0.));
#4752 = ADVANCED_FACE('',(#4753),#4778,.T.);
#4753 = FACE_BOUND('',#4754,.T.);
#4754 = EDGE_LOOP('',(#4755,#4756,#4764,#4772));
#4755 = ORIENTED_EDGE('',*,*,#4734,.T.);
#4756 = ORIENTED_EDGE('',*,*,#4757,.T.);
#4757 = EDGE_CURVE('',#4727,#4758,#4760,.T.);
#4758 = VERTEX_POINT('',#4759);
#4759 = CARTESIAN_POINT('',(20.75,-6.125,1.51));
#4760 = LINE('',#4761,#4762);
#4761 = CARTESIAN_POINT('',(22.5,-4.5,1.51));
#4762 = VECTOR('',#4763,1.);
#4763 = DIRECTION('',(-0.732793491626,-0.680451099367,0.));
#4764 = ORIENTED_EDGE('',*,*,#4765,.F.);
#4765 = EDGE_CURVE('',#4766,#4758,#4768,.T.);
#4766 = VERTEX_POINT('',#4767);
#4767 = CARTESIAN_POINT('',(20.75,-6.125,0.));
#4768 = LINE('',#4769,#4770);
#4769 = CARTESIAN_POINT('',(20.75,-6.125,0.));
#4770 = VECTOR('',#4771,1.);
#4771 = DIRECTION('',(0.,0.,1.));
#4772 = ORIENTED_EDGE('',*,*,#4773,.F.);
#4773 = EDGE_CURVE('',#4735,#4766,#4774,.T.);
#4774 = LINE('',#4775,#4776);
#4775 = CARTESIAN_POINT('',(22.5,-4.5,0.));
#4776 = VECTOR('',#4777,1.);
#4777 = DIRECTION('',(-0.732793491626,-0.680451099367,0.));
#4778 = PLANE('',#4779);
#4779 = AXIS2_PLACEMENT_3D('',#4780,#4781,#4782);
#4780 = CARTESIAN_POINT('',(22.5,-4.5,0.));
#4781 = DIRECTION('',(0.680451099367,-0.732793491626,0.));
#4782 = DIRECTION('',(-0.732793491626,-0.680451099367,0.));
#4783 = ADVANCED_FACE('',(#4784),#4809,.T.);
#4784 = FACE_BOUND('',#4785,.T.);
#4785 = EDGE_LOOP('',(#4786,#4787,#4795,#4803));
#4786 = ORIENTED_EDGE('',*,*,#4765,.T.);
#4787 = ORIENTED_EDGE('',*,*,#4788,.T.);
#4788 = EDGE_CURVE('',#4758,#4789,#4791,.T.);
#4789 = VERTEX_POINT('',#4790);
#4790 = CARTESIAN_POINT('',(-20.75,-6.125,1.51));
#4791 = LINE('',#4792,#4793);
#4792 = CARTESIAN_POINT('',(20.75,-6.125,1.51));
#4793 = VECTOR('',#4794,1.);
#4794 = DIRECTION('',(-1.,0.,0.));
#4795 = ORIENTED_EDGE('',*,*,#4796,.F.);
#4796 = EDGE_CURVE('',#4797,#4789,#4799,.T.);
#4797 = VERTEX_POINT('',#4798);
#4798 = CARTESIAN_POINT('',(-20.75,-6.125,0.));
#4799 = LINE('',#4800,#4801);
#4800 = CARTESIAN_POINT('',(-20.75,-6.125,0.));
#4801 = VECTOR('',#4802,1.);
#4802 = DIRECTION('',(0.,0.,1.));
#4803 = ORIENTED_EDGE('',*,*,#4804,.F.);
#4804 = EDGE_CURVE('',#4766,#4797,#4805,.T.);
#4805 = LINE('',#4806,#4807);
#4806 = CARTESIAN_POINT('',(20.75,-6.125,0.));
#4807 = VECTOR('',#4808,1.);
#4808 = DIRECTION('',(-1.,0.,0.));
#4809 = PLANE('',#4810);
#4810 = AXIS2_PLACEMENT_3D('',#4811,#4812,#4813);
#4811 = CARTESIAN_POINT('',(20.75,-6.125,0.));
#4812 = DIRECTION('',(0.,-1.,0.));
#4813 = DIRECTION('',(-1.,0.,0.));
#4814 = ADVANCED_FACE('',(#4815),#4840,.T.);
#4815 = FACE_BOUND('',#4816,.T.);
#4816 = EDGE_LOOP('',(#4817,#4818,#4826,#4834));
#4817 = ORIENTED_EDGE('',*,*,#4796,.T.);
#4818 = ORIENTED_EDGE('',*,*,#4819,.T.);
#4819 = EDGE_CURVE('',#4789,#4820,#4822,.T.);
#4820 = VERTEX_POINT('',#4821);
#4821 = CARTESIAN_POINT('',(-22.5,-4.5,1.51));
#4822 = LINE('',#4823,#4824);
#4823 = CARTESIAN_POINT('',(-20.75,-6.125,1.51));
#4824 = VECTOR('',#4825,1.);
#4825 = DIRECTION('',(-0.732793491626,0.680451099367,0.));
#4826 = ORIENTED_EDGE('',*,*,#4827,.F.);
#4827 = EDGE_CURVE('',#4828,#4820,#4830,.T.);
#4828 = VERTEX_POINT('',#4829);
#4829 = CARTESIAN_POINT('',(-22.5,-4.5,0.));
#4830 = LINE('',#4831,#4832);
#4831 = CARTESIAN_POINT('',(-22.5,-4.5,0.));
#4832 = VECTOR('',#4833,1.);
#4833 = DIRECTION('',(0.,0.,1.));
#4834 = ORIENTED_EDGE('',*,*,#4835,.F.);
#4835 = EDGE_CURVE('',#4797,#4828,#4836,.T.);
#4836 = LINE('',#4837,#4838);
#4837 = CARTESIAN_POINT('',(-20.75,-6.125,0.));
#4838 = VECTOR('',#4839,1.);
#4839 = DIRECTION('',(-0.732793491626,0.680451099367,0.));
#4840 = PLANE('',#4841);
#4841 = AXIS2_PLACEMENT_3D('',#4842,#4843,#4844);
#4842 = CARTESIAN_POINT('',(-20.75,-6.125,0.));
#4843 = DIRECTION('',(-0.680451099367,-0.732793491626,0.));
#4844 = DIRECTION('',(-0.732793491626,0.680451099367,0.));
#4845 = ADVANCED_FACE('',(#4846),#4871,.T.);
#4846 = FACE_BOUND('',#4847,.T.);
#4847 = EDGE_LOOP('',(#4848,#4849,#4857,#4865));
#4848 = ORIENTED_EDGE('',*,*,#4827,.T.);
#4849 = ORIENTED_EDGE('',*,*,#4850,.T.);
#4850 = EDGE_CURVE('',#4820,#4851,#4853,.T.);
#4851 = VERTEX_POINT('',#4852);
#4852 = CARTESIAN_POINT('',(-22.5,4.5,1.51));
#4853 = LINE('',#4854,#4855);
#4854 = CARTESIAN_POINT('',(-22.5,-4.5,1.51));
#4855 = VECTOR('',#4856,1.);
#4856 = DIRECTION('',(0.,1.,0.));
#4857 = ORIENTED_EDGE('',*,*,#4858,.F.);
#4858 = EDGE_CURVE('',#4859,#4851,#4861,.T.);
#4859 = VERTEX_POINT('',#4860);
#4860 = CARTESIAN_POINT('',(-22.5,4.5,0.));
#4861 = LINE('',#4862,#4863);
#4862 = CARTESIAN_POINT('',(-22.5,4.5,0.));
#4863 = VECTOR('',#4864,1.);
#4864 = DIRECTION('',(0.,0.,1.));
#4865 = ORIENTED_EDGE('',*,*,#4866,.F.);
#4866 = EDGE_CURVE('',#4828,#4859,#4867,.T.);
#4867 = LINE('',#4868,#4869);
#4868 = CARTESIAN_POINT('',(-22.5,-4.5,0.));
#4869 = VECTOR('',#4870,1.);
#4870 = DIRECTION('',(0.,1.,0.));
#4871 = PLANE('',#4872);
#4872 = AXIS2_PLACEMENT_3D('',#4873,#4874,#4875);
#4873 = CARTESIAN_POINT('',(-22.5,-4.5,0.));
#4874 = DIRECTION('',(-1.,0.,0.));
#4875 = DIRECTION('',(0.,1.,0.));
#4876 = ADVANCED_FACE('',(#4877),#4902,.T.);
#4877 = FACE_BOUND('',#4878,.T.);
#4878 = EDGE_LOOP('',(#4879,#4880,#4888,#4896));
#4879 = ORIENTED_EDGE('',*,*,#4858,.T.);
#4880 = ORIENTED_EDGE('',*,*,#4881,.T.);
#4881 = EDGE_CURVE('',#4851,#4882,#4884,.T.);
#4882 = VERTEX_POINT('',#4883);
#4883 = CARTESIAN_POINT('',(-20.75,6.125,1.51));
#4884 = LINE('',#4885,#4886);
#4885 = CARTESIAN_POINT('',(-22.5,4.5,1.51));
#4886 = VECTOR('',#4887,1.);
#4887 = DIRECTION('',(0.732793491626,0.680451099367,0.));
#4888 = ORIENTED_EDGE('',*,*,#4889,.F.);
#4889 = EDGE_CURVE('',#4890,#4882,#4892,.T.);
#4890 = VERTEX_POINT('',#4891);
#4891 = CARTESIAN_POINT('',(-20.75,6.125,0.));
#4892 = LINE('',#4893,#4894);
#4893 = CARTESIAN_POINT('',(-20.75,6.125,0.));
#4894 = VECTOR('',#4895,1.);
#4895 = DIRECTION('',(0.,0.,1.));
#4896 = ORIENTED_EDGE('',*,*,#4897,.F.);
#4897 = EDGE_CURVE('',#4859,#4890,#4898,.T.);
#4898 = LINE('',#4899,#4900);
#4899 = CARTESIAN_POINT('',(-22.5,4.5,0.));
#4900 = VECTOR('',#4901,1.);
#4901 = DIRECTION('',(0.732793491626,0.680451099367,0.));
#4902 = PLANE('',#4903);
#4903 = AXIS2_PLACEMENT_3D('',#4904,#4905,#4906);
#4904 = CARTESIAN_POINT('',(-22.5,4.5,0.));
#4905 = DIRECTION('',(-0.680451099367,0.732793491626,0.));
#4906 = DIRECTION('',(0.732793491626,0.680451099367,0.));
#4907 = ADVANCED_FACE('',(#4908),#4933,.T.);
#4908 = FACE_BOUND('',#4909,.T.);
#4909 = EDGE_LOOP('',(#4910,#4911,#4919,#4927));
#4910 = ORIENTED_EDGE('',*,*,#4889,.T.);
#4911 = ORIENTED_EDGE('',*,*,#4912,.T.);
#4912 = EDGE_CURVE('',#4882,#4913,#4915,.T.);
#4913 = VERTEX_POINT('',#4914);
#4914 = CARTESIAN_POINT('',(20.75,6.125,1.51));
#4915 = LINE('',#4916,#4917);
#4916 = CARTESIAN_POINT('',(-20.75,6.125,1.51));
#4917 = VECTOR('',#4918,1.);
#4918 = DIRECTION('',(1.,0.,0.));
#4919 = ORIENTED_EDGE('',*,*,#4920,.F.);
#4920 = EDGE_CURVE('',#4921,#4913,#4923,.T.);
#4921 = VERTEX_POINT('',#4922);
#4922 = CARTESIAN_POINT('',(20.75,6.125,0.));
#4923 = LINE('',#4924,#4925);
#4924 = CARTESIAN_POINT('',(20.75,6.125,0.));
#4925 = VECTOR('',#4926,1.);
#4926 = DIRECTION('',(0.,0.,1.));
#4927 = ORIENTED_EDGE('',*,*,#4928,.F.);
#4928 = EDGE_CURVE('',#4890,#4921,#4929,.T.);
#4929 = LINE('',#4930,#4931);
#4930 = CARTESIAN_POINT('',(-20.75,6.125,0.));
#4931 = VECTOR('',#4932,1.);
#4932 = DIRECTION('',(1.,0.,0.));
#4933 = PLANE('',#4934);
#4934 = AXIS2_PLACEMENT_3D('',#4935,#4936,#4937);
#4935 = CARTESIAN_POINT('',(-20.75,6.125,0.));
#4936 = DIRECTION('',(0.,1.,0.));
#4937 = DIRECTION('',(1.,0.,0.));
#4938 = ADVANCED_FACE('',(#4939),#4955,.T.);
#4939 = FACE_BOUND('',#4940,.T.);
#4940 = EDGE_LOOP('',(#4941,#4942,#4948,#4949));
#4941 = ORIENTED_EDGE('',*,*,#4920,.T.);
#4942 = ORIENTED_EDGE('',*,*,#4943,.T.);
#4943 = EDGE_CURVE('',#4913,#4719,#4944,.T.);
#4944 = LINE('',#4945,#4946);
#4945 = CARTESIAN_POINT('',(20.75,6.125,1.51));
#4946 = VECTOR('',#4947,1.);
#4947 = DIRECTION('',(0.732793491626,-0.680451099367,0.));
#4948 = ORIENTED_EDGE('',*,*,#4716,.F.);
#4949 = ORIENTED_EDGE('',*,*,#4950,.F.);
#4950 = EDGE_CURVE('',#4921,#4717,#4951,.T.);
#4951 = LINE('',#4952,#4953);
#4952 = CARTESIAN_POINT('',(20.75,6.125,0.));
#4953 = VECTOR('',#4954,1.);
#4954 = DIRECTION('',(0.732793491626,-0.680451099367,0.));
#4955 = PLANE('',#4956);
#4956 = AXIS2_PLACEMENT_3D('',#4957,#4958,#4959);
#4957 = CARTESIAN_POINT('',(20.75,6.125,0.));
#4958 = DIRECTION('',(0.680451099367,0.732793491626,-0.));
#4959 = DIRECTION('',(0.732793491626,-0.680451099367,0.));
#4960 = ADVANCED_FACE('',(#4961),#4988,.F.);
#4961 = FACE_BOUND('',#4962,.T.);
#4962 = EDGE_LOOP('',(#4963,#4973,#4980,#4981));
#4963 = ORIENTED_EDGE('',*,*,#4964,.T.);
#4964 = EDGE_CURVE('',#4965,#4967,#4969,.T.);
#4965 = VERTEX_POINT('',#4966);
#4966 = CARTESIAN_POINT('',(-17.2252,0.,0.));
#4967 = VERTEX_POINT('',#4968);
#4968 = CARTESIAN_POINT('',(-17.2252,0.,1.51));
#4969 = LINE('',#4970,#4971);
#4970 = CARTESIAN_POINT('',(-17.2252,0.,0.));
#4971 = VECTOR('',#4972,1.);
#4972 = DIRECTION('',(0.,0.,1.));
#4973 = ORIENTED_EDGE('',*,*,#4974,.T.);
#4974 = EDGE_CURVE('',#4967,#4967,#4975,.T.);
#4975 = CIRCLE('',#4976,1.5748);
#4976 = AXIS2_PLACEMENT_3D('',#4977,#4978,#4979);
#4977 = CARTESIAN_POINT('',(-18.8,0.,1.51));
#4978 = DIRECTION('',(0.,0.,1.));
#4979 = DIRECTION('',(1.,0.,-0.));
#4980 = ORIENTED_EDGE('',*,*,#4964,.F.);
#4981 = ORIENTED_EDGE('',*,*,#4982,.F.);
#4982 = EDGE_CURVE('',#4965,#4965,#4983,.T.);
#4983 = CIRCLE('',#4984,1.5748);
#4984 = AXIS2_PLACEMENT_3D('',#4985,#4986,#4987);
#4985 = CARTESIAN_POINT('',(-18.8,-0.,0.));
#4986 = DIRECTION('',(0.,0.,1.));
#4987 = DIRECTION('',(1.,0.,-0.));
#4988 = CYLINDRICAL_SURFACE('',#4989,1.5748);
#4989 = AXIS2_PLACEMENT_3D('',#4990,#4991,#4992);
#4990 = CARTESIAN_POINT('',(-18.8,-0.,0.));
#4991 = DIRECTION('',(-0.,-0.,-1.));
#4992 = DIRECTION('',(1.,0.,-0.));
#4993 = ADVANCED_FACE('',(#4994),#5021,.F.);
#4994 = FACE_BOUND('',#4995,.T.);
#4995 = EDGE_LOOP('',(#4996,#5006,#5013,#5014));
#4996 = ORIENTED_EDGE('',*,*,#4997,.T.);
#4997 = EDGE_CURVE('',#4998,#5000,#5002,.T.);
#4998 = VERTEX_POINT('',#4999);
#4999 = CARTESIAN_POINT('',(20.267679,0.,0.));
#5000 = VERTEX_POINT('',#5001);
#5001 = CARTESIAN_POINT('',(20.267679,0.,1.51));
#5002 = LINE('',#5003,#5004);
#5003 = CARTESIAN_POINT('',(20.267679,0.,0.));
#5004 = VECTOR('',#5005,1.);
#5005 = DIRECTION('',(0.,0.,1.));
#5006 = ORIENTED_EDGE('',*,*,#5007,.T.);
#5007 = EDGE_CURVE('',#5000,#5000,#5008,.T.);
#5008 = CIRCLE('',#5009,1.467679);
#5009 = AXIS2_PLACEMENT_3D('',#5010,#5011,#5012);
#5010 = CARTESIAN_POINT('',(18.8,0.,1.51));
#5011 = DIRECTION('',(0.,0.,1.));
#5012 = DIRECTION('',(1.,0.,-0.));
#5013 = ORIENTED_EDGE('',*,*,#4997,.F.);
#5014 = ORIENTED_EDGE('',*,*,#5015,.F.);
#5015 = EDGE_CURVE('',#4998,#4998,#5016,.T.);
#5016 = CIRCLE('',#5017,1.467679);
#5017 = AXIS2_PLACEMENT_3D('',#5018,#5019,#5020);
#5018 = CARTESIAN_POINT('',(18.8,-0.,0.));
#5019 = DIRECTION('',(0.,0.,1.));
#5020 = DIRECTION('',(1.,0.,-0.));
#5021 = CYLINDRICAL_SURFACE('',#5022,1.467679);
#5022 = AXIS2_PLACEMENT_3D('',#5023,#5024,#5025);
#5023 = CARTESIAN_POINT('',(18.8,-0.,0.));
#5024 = DIRECTION('',(-0.,-0.,-1.));
#5025 = DIRECTION('',(1.,0.,-0.));
#5026 = ADVANCED_FACE('',(#5027,#5037,#5040),#5043,.F.);
#5027 = FACE_BOUND('',#5028,.T.);
#5028 = EDGE_LOOP('',(#5029,#5030,#5031,#5032,#5033,#5034,#5035,#5036));
#5029 = ORIENTED_EDGE('',*,*,#4742,.T.);
#5030 = ORIENTED_EDGE('',*,*,#4773,.T.);
#5031 = ORIENTED_EDGE('',*,*,#4804,.T.);
#5032 = ORIENTED_EDGE('',*,*,#4835,.T.);
#5033 = ORIENTED_EDGE('',*,*,#4866,.T.);
#5034 = ORIENTED_EDGE('',*,*,#4897,.T.);
#5035 = ORIENTED_EDGE('',*,*,#4928,.T.);
#5036 = ORIENTED_EDGE('',*,*,#4950,.T.);
#5037 = FACE_BOUND('',#5038,.T.);
#5038 = EDGE_LOOP('',(#5039));
#5039 = ORIENTED_EDGE('',*,*,#4982,.T.);
#5040 = FACE_BOUND('',#5041,.T.);
#5041 = EDGE_LOOP('',(#5042));
#5042 = ORIENTED_EDGE('',*,*,#5015,.T.);
#5043 = PLANE('',#5044);
#5044 = AXIS2_PLACEMENT_3D('',#5045,#5046,#5047);
#5045 = CARTESIAN_POINT('',(0.,0.,0.));
#5046 = DIRECTION('',(0.,0.,1.));
#5047 = DIRECTION('',(1.,0.,-0.));
#5048 = ADVANCED_FACE('',(#5049,#5059,#5062),#5065,.T.);
#5049 = FACE_BOUND('',#5050,.F.);
#5050 = EDGE_LOOP('',(#5051,#5052,#5053,#5054,#5055,#5056,#5057,#5058));
#5051 = ORIENTED_EDGE('',*,*,#4726,.T.);
#5052 = ORIENTED_EDGE('',*,*,#4757,.T.);
#5053 = ORIENTED_EDGE('',*,*,#4788,.T.);
#5054 = ORIENTED_EDGE('',*,*,#4819,.T.);
#5055 = ORIENTED_EDGE('',*,*,#4850,.T.);
#5056 = ORIENTED_EDGE('',*,*,#4881,.T.);
#5057 = ORIENTED_EDGE('',*,*,#4912,.T.);
#5058 = ORIENTED_EDGE('',*,*,#4943,.T.);
#5059 = FACE_BOUND('',#5060,.F.);
#5060 = EDGE_LOOP('',(#5061));
#5061 = ORIENTED_EDGE('',*,*,#4974,.T.);
#5062 = FACE_BOUND('',#5063,.F.);
#5063 = EDGE_LOOP('',(#5064));
#5064 = ORIENTED_EDGE('',*,*,#5007,.T.);
#5065 = PLANE('',#5066);
#5066 = AXIS2_PLACEMENT_3D('',#5067,#5068,#5069);
#5067 = CARTESIAN_POINT('',(0.,0.,1.51));
#5068 = DIRECTION('',(0.,0.,1.));
#5069 = DIRECTION('',(1.,0.,-0.));
#5070 = ( GEOMETRIC_REPRESENTATION_CONTEXT(3) 
GLOBAL_UNCERTAINTY_ASSIGNED_CONTEXT((#5074)) 
GLOBAL_UNIT_ASSIGNED_CONTEXT((#5071,#5072,#5073)) REPRESENTATION_CONTEXT
('Context #1','3D Context with UNIT and UNCERTAINTY') );
#5071 = ( LENGTH_UNIT() NAMED_UNIT(*) SI_UNIT(.MILLI.,.METRE.) );
#5072 = ( NAMED_UNIT(*) PLANE_ANGLE_UNIT() SI_UNIT($,.RADIAN.) );
#5073 = ( NAMED_UNIT(*) SI_UNIT($,.STERADIAN.) SOLID_ANGLE_UNIT() );
#5074 = UNCERTAINTY_MEASURE_WITH_UNIT(LENGTH_MEASURE(1.E-07),#5071,
  'distance_accuracy_value','confusion accuracy');
#5075 = CONTEXT_DEPENDENT_SHAPE_REPRESENTATION(#5076,#5078);
#5076 = ( REPRESENTATION_RELATIONSHIP('','',#4709,#10) 
REPRESENTATION_RELATIONSHIP_WITH_TRANSFORMATION(#5077) 
SHAPE_REPRESENTATION_RELATIONSHIP() );
#5077 = ITEM_DEFINED_TRANSFORMATION('','',#11,#31);
#5078 = PRODUCT_DEFINITION_SHAPE('Placement','Placement of an item',
  #5079);
#5079 = NEXT_ASSEMBLY_USAGE_OCCURRENCE('7','=>[0:1:1:5]','',#5,#4704,$);
#5080 = PRODUCT_RELATED_PRODUCT_CATEGORY('part',$,(#4706));
#5081 = MECHANICAL_DESIGN_GEOMETRIC_PRESENTATION_REPRESENTATION('',(
    #5082,#5090,#5097,#5104,#5111,#5118,#5125,#5132,#5140,#5147,#5154,
    #5161,#5168,#5175,#5183,#5190,#5197,#5204,#5211,#5218,#5225,#5232,
    #5239,#5246,#5253,#5260),#4686);
#5082 = STYLED_ITEM('color',(#5083),#3898);
#5083 = PRESENTATION_STYLE_ASSIGNMENT((#5084));
#5084 = SURFACE_STYLE_USAGE(.BOTH.,#5085);
#5085 = SURFACE_SIDE_STYLE('',(#5086));
#5086 = SURFACE_STYLE_FILL_AREA(#5087);
#5087 = FILL_AREA_STYLE('',(#5088));
#5088 = FILL_AREA_STYLE_COLOUR('',#5089);
#5089 = COLOUR_RGB('',0.823999987314,0.819999987296,0.781000009244);
#5090 = STYLED_ITEM('color',(#5091),#3938);
#5091 = PRESENTATION_STYLE_ASSIGNMENT((#5092));
#5092 = SURFACE_STYLE_USAGE(.BOTH.,#5093);
#5093 = SURFACE_SIDE_STYLE('',(#5094));
#5094 = SURFACE_STYLE_FILL_AREA(#5095);
#5095 = FILL_AREA_STYLE('',(#5096));
#5096 = FILL_AREA_STYLE_COLOUR('',#5089);
#5097 = STYLED_ITEM('color',(#5098),#4021);
#5098 = PRESENTATION_STYLE_ASSIGNMENT((#5099));
#5099 = SURFACE_STYLE_USAGE(.BOTH.,#5100);
#5100 = SURFACE_SIDE_STYLE('',(#5101));
#5101 = SURFACE_STYLE_FILL_AREA(#5102);
#5102 = FILL_AREA_STYLE('',(#5103));
#5103 = FILL_AREA_STYLE_COLOUR('',#5089);
#5104 = STYLED_ITEM('color',(#5105),#4046);
#5105 = PRESENTATION_STYLE_ASSIGNMENT((#5106));
#5106 = SURFACE_STYLE_USAGE(.BOTH.,#5107);
#5107 = SURFACE_SIDE_STYLE('',(#5108));
#5108 = SURFACE_STYLE_FILL_AREA(#5109);
#5109 = FILL_AREA_STYLE('',(#5110));
#5110 = FILL_AREA_STYLE_COLOUR('',#5089);
#5111 = STYLED_ITEM('color',(#5112),#4071);
#5112 = PRESENTATION_STYLE_ASSIGNMENT((#5113));
#5113 = SURFACE_STYLE_USAGE(.BOTH.,#5114);
#5114 = SURFACE_SIDE_STYLE('',(#5115));
#5115 = SURFACE_STYLE_FILL_AREA(#5116);
#5116 = FILL_AREA_STYLE('',(#5117));
#5117 = FILL_AREA_STYLE_COLOUR('',#5089);
#5118 = STYLED_ITEM('color',(#5119),#4138);
#5119 = PRESENTATION_STYLE_ASSIGNMENT((#5120));
#5120 = SURFACE_STYLE_USAGE(.BOTH.,#5121);
#5121 = SURFACE_SIDE_STYLE('',(#5122));
#5122 = SURFACE_STYLE_FILL_AREA(#5123);
#5123 = FILL_AREA_STYLE('',(#5124));
#5124 = FILL_AREA_STYLE_COLOUR('',#5089);
#5125 = STYLED_ITEM('color',(#5126),#4155);
#5126 = PRESENTATION_STYLE_ASSIGNMENT((#5127));
#5127 = SURFACE_STYLE_USAGE(.BOTH.,#5128);
#5128 = SURFACE_SIDE_STYLE('',(#5129));
#5129 = SURFACE_STYLE_FILL_AREA(#5130);
#5130 = FILL_AREA_STYLE('',(#5131));
#5131 = FILL_AREA_STYLE_COLOUR('',#5089);
#5132 = STYLED_ITEM('color',(#5133),#4172);
#5133 = PRESENTATION_STYLE_ASSIGNMENT((#5134));
#5134 = SURFACE_STYLE_USAGE(.BOTH.,#5135);
#5135 = SURFACE_SIDE_STYLE('',(#5136));
#5136 = SURFACE_STYLE_FILL_AREA(#5137);
#5137 = FILL_AREA_STYLE('',(#5138));
#5138 = FILL_AREA_STYLE_COLOUR('',#5139);
#5139 = COLOUR_RGB('',0.894999966383,0.890999961016,0.813000030345);
#5140 = STYLED_ITEM('color',(#5141),#4221);
#5141 = PRESENTATION_STYLE_ASSIGNMENT((#5142));
#5142 = SURFACE_STYLE_USAGE(.BOTH.,#5143);
#5143 = SURFACE_SIDE_STYLE('',(#5144));
#5144 = SURFACE_STYLE_FILL_AREA(#5145);
#5145 = FILL_AREA_STYLE('',(#5146));
#5146 = FILL_AREA_STYLE_COLOUR('',#5089);
#5147 = STYLED_ITEM('color',(#5148),#4238);
#5148 = PRESENTATION_STYLE_ASSIGNMENT((#5149));
#5149 = SURFACE_STYLE_USAGE(.BOTH.,#5150);
#5150 = SURFACE_SIDE_STYLE('',(#5151));
#5151 = SURFACE_STYLE_FILL_AREA(#5152);
#5152 = FILL_AREA_STYLE('',(#5153));
#5153 = FILL_AREA_STYLE_COLOUR('',#5089);
#5154 = STYLED_ITEM('color',(#5155),#4255);
#5155 = PRESENTATION_STYLE_ASSIGNMENT((#5156));
#5156 = SURFACE_STYLE_USAGE(.BOTH.,#5157);
#5157 = SURFACE_SIDE_STYLE('',(#5158));
#5158 = SURFACE_STYLE_FILL_AREA(#5159);
#5159 = FILL_AREA_STYLE('',(#5160));
#5160 = FILL_AREA_STYLE_COLOUR('',#5139);
#5161 = STYLED_ITEM('color',(#5162),#4304);
#5162 = PRESENTATION_STYLE_ASSIGNMENT((#5163));
#5163 = SURFACE_STYLE_USAGE(.BOTH.,#5164);
#5164 = SURFACE_SIDE_STYLE('',(#5165));
#5165 = SURFACE_STYLE_FILL_AREA(#5166);
#5166 = FILL_AREA_STYLE('',(#5167));
#5167 = FILL_AREA_STYLE_COLOUR('',#5139);
#5168 = STYLED_ITEM('color',(#5169),#4321);
#5169 = PRESENTATION_STYLE_ASSIGNMENT((#5170));
#5170 = SURFACE_STYLE_USAGE(.BOTH.,#5171);
#5171 = SURFACE_SIDE_STYLE('',(#5172));
#5172 = SURFACE_STYLE_FILL_AREA(#5173);
#5173 = FILL_AREA_STYLE('',(#5174));
#5174 = FILL_AREA_STYLE_COLOUR('',#5089);
#5175 = STYLED_ITEM('color',(#5176),#4390);
#5176 = PRESENTATION_STYLE_ASSIGNMENT((#5177));
#5177 = SURFACE_STYLE_USAGE(.BOTH.,#5178);
#5178 = SURFACE_SIDE_STYLE('',(#5179));
#5179 = SURFACE_STYLE_FILL_AREA(#5180);
#5180 = FILL_AREA_STYLE('',(#5181));
#5181 = FILL_AREA_STYLE_COLOUR('',#5182);
#5182 = COLOUR_RGB('',8.200000279077E-02,8.600000121357E-02,
  9.399999706163E-02);
#5183 = STYLED_ITEM('color',(#5184),#4421);
#5184 = PRESENTATION_STYLE_ASSIGNMENT((#5185));
#5185 = SURFACE_STYLE_USAGE(.BOTH.,#5186);
#5186 = SURFACE_SIDE_STYLE('',(#5187));
#5187 = SURFACE_STYLE_FILL_AREA(#5188);
#5188 = FILL_AREA_STYLE('',(#5189));
#5189 = FILL_AREA_STYLE_COLOUR('',#5182);
#5190 = STYLED_ITEM('color',(#5191),#4445);
#5191 = PRESENTATION_STYLE_ASSIGNMENT((#5192));
#5192 = SURFACE_STYLE_USAGE(.BOTH.,#5193);
#5193 = SURFACE_SIDE_STYLE('',(#5194));
#5194 = SURFACE_STYLE_FILL_AREA(#5195);
#5195 = FILL_AREA_STYLE('',(#5196));
#5196 = FILL_AREA_STYLE_COLOUR('',#5089);
#5197 = STYLED_ITEM('color',(#5198),#4514);
#5198 = PRESENTATION_STYLE_ASSIGNMENT((#5199));
#5199 = SURFACE_STYLE_USAGE(.BOTH.,#5200);
#5200 = SURFACE_SIDE_STYLE('',(#5201));
#5201 = SURFACE_STYLE_FILL_AREA(#5202);
#5202 = FILL_AREA_STYLE('',(#5203));
#5203 = FILL_AREA_STYLE_COLOUR('',#5182);
#5204 = STYLED_ITEM('color',(#5205),#4538);
#5205 = PRESENTATION_STYLE_ASSIGNMENT((#5206));
#5206 = SURFACE_STYLE_USAGE(.BOTH.,#5207);
#5207 = SURFACE_SIDE_STYLE('',(#5208));
#5208 = SURFACE_STYLE_FILL_AREA(#5209);
#5209 = FILL_AREA_STYLE('',(#5210));
#5210 = FILL_AREA_STYLE_COLOUR('',#5089);
#5211 = STYLED_ITEM('color',(#5212),#4555);
#5212 = PRESENTATION_STYLE_ASSIGNMENT((#5213));
#5213 = SURFACE_STYLE_USAGE(.BOTH.,#5214);
#5214 = SURFACE_SIDE_STYLE('',(#5215));
#5215 = SURFACE_STYLE_FILL_AREA(#5216);
#5216 = FILL_AREA_STYLE('',(#5217));
#5217 = FILL_AREA_STYLE_COLOUR('',#5089);
#5218 = STYLED_ITEM('color',(#5219),#4572);
#5219 = PRESENTATION_STYLE_ASSIGNMENT((#5220));
#5220 = SURFACE_STYLE_USAGE(.BOTH.,#5221);
#5221 = SURFACE_SIDE_STYLE('',(#5222));
#5222 = SURFACE_STYLE_FILL_AREA(#5223);
#5223 = FILL_AREA_STYLE('',(#5224));
#5224 = FILL_AREA_STYLE_COLOUR('',#5089);
#5225 = STYLED_ITEM('color',(#5226),#4589);
#5226 = PRESENTATION_STYLE_ASSIGNMENT((#5227));
#5227 = SURFACE_STYLE_USAGE(.BOTH.,#5228);
#5228 = SURFACE_SIDE_STYLE('',(#5229));
#5229 = SURFACE_STYLE_FILL_AREA(#5230);
#5230 = FILL_AREA_STYLE('',(#5231));
#5231 = FILL_AREA_STYLE_COLOUR('',#5089);
#5232 = STYLED_ITEM('color',(#5233),#4606);
#5233 = PRESENTATION_STYLE_ASSIGNMENT((#5234));
#5234 = SURFACE_STYLE_USAGE(.BOTH.,#5235);
#5235 = SURFACE_SIDE_STYLE('',(#5236));
#5236 = SURFACE_STYLE_FILL_AREA(#5237);
#5237 = FILL_AREA_STYLE('',(#5238));
#5238 = FILL_AREA_STYLE_COLOUR('',#5089);
#5239 = STYLED_ITEM('color',(#5240),#4623);
#5240 = PRESENTATION_STYLE_ASSIGNMENT((#5241));
#5241 = SURFACE_STYLE_USAGE(.BOTH.,#5242);
#5242 = SURFACE_SIDE_STYLE('',(#5243));
#5243 = SURFACE_STYLE_FILL_AREA(#5244);
#5244 = FILL_AREA_STYLE('',(#5245));
#5245 = FILL_AREA_STYLE_COLOUR('',#5089);
#5246 = STYLED_ITEM('color',(#5247),#4640);
#5247 = PRESENTATION_STYLE_ASSIGNMENT((#5248));
#5248 = SURFACE_STYLE_USAGE(.BOTH.,#5249);
#5249 = SURFACE_SIDE_STYLE('',(#5250));
#5250 = SURFACE_STYLE_FILL_AREA(#5251);
#5251 = FILL_AREA_STYLE('',(#5252));
#5252 = FILL_AREA_STYLE_COLOUR('',#5089);
#5253 = STYLED_ITEM('color',(#5254),#4657);
#5254 = PRESENTATION_STYLE_ASSIGNMENT((#5255));
#5255 = SURFACE_STYLE_USAGE(.BOTH.,#5256);
#5256 = SURFACE_SIDE_STYLE('',(#5257));
#5257 = SURFACE_STYLE_FILL_AREA(#5258);
#5258 = FILL_AREA_STYLE('',(#5259));
#5259 = FILL_AREA_STYLE_COLOUR('',#5182);
#5260 = STYLED_ITEM('color',(#5261),#4674);
#5261 = PRESENTATION_STYLE_ASSIGNMENT((#5262));
#5262 = SURFACE_STYLE_USAGE(.BOTH.,#5263);
#5263 = SURFACE_SIDE_STYLE('',(#5264));
#5264 = SURFACE_STYLE_FILL_AREA(#5265);
#5265 = FILL_AREA_STYLE('',(#5266));
#5266 = FILL_AREA_STYLE_COLOUR('',#5182);
#5267 = MECHANICAL_DESIGN_GEOMETRIC_PRESENTATION_REPRESENTATION('',(
    #5268),#5070);
#5268 = STYLED_ITEM('color',(#5269),#4710);
#5269 = PRESENTATION_STYLE_ASSIGNMENT((#5270));
#5270 = SURFACE_STYLE_USAGE(.BOTH.,#5271);
#5271 = SURFACE_SIDE_STYLE('',(#5272));
#5272 = SURFACE_STYLE_FILL_AREA(#5273);
#5273 = FILL_AREA_STYLE('',(#5274));
#5274 = FILL_AREA_STYLE_COLOUR('',#5275);
#5275 = COLOUR_RGB('',0.313304153717,0.484529207832,0.410020903123);
#5276 = MECHANICAL_DESIGN_GEOMETRIC_PRESENTATION_REPRESENTATION('',(
    #5277,#5287,#5296,#5305,#5314,#5323),#3004);
#5277 = STYLED_ITEM('color',(#5278),#682);
#5278 = PRESENTATION_STYLE_ASSIGNMENT((#5279,#5285));
#5279 = SURFACE_STYLE_USAGE(.BOTH.,#5280);
#5280 = SURFACE_SIDE_STYLE('',(#5281));
#5281 = SURFACE_STYLE_FILL_AREA(#5282);
#5282 = FILL_AREA_STYLE('',(#5283));
#5283 = FILL_AREA_STYLE_COLOUR('',#5284);
#5284 = COLOUR_RGB('',0.734000028196,0.773000013638,0.796999989372);
#5285 = CURVE_STYLE('',#5286,POSITIVE_LENGTH_MEASURE(0.1),#5284);
#5286 = DRAUGHTING_PRE_DEFINED_CURVE_FONT('continuous');
#5287 = STYLED_ITEM('color',(#5288),#1069);
#5288 = PRESENTATION_STYLE_ASSIGNMENT((#5289,#5294));
#5289 = SURFACE_STYLE_USAGE(.BOTH.,#5290);
#5290 = SURFACE_SIDE_STYLE('',(#5291));
#5291 = SURFACE_STYLE_FILL_AREA(#5292);
#5292 = FILL_AREA_STYLE('',(#5293));
#5293 = FILL_AREA_STYLE_COLOUR('',#5284);
#5294 = CURVE_STYLE('',#5295,POSITIVE_LENGTH_MEASURE(0.1),#5284);
#5295 = DRAUGHTING_PRE_DEFINED_CURVE_FONT('continuous');
#5296 = STYLED_ITEM('color',(#5297),#1456);
#5297 = PRESENTATION_STYLE_ASSIGNMENT((#5298,#5303));
#5298 = SURFACE_STYLE_USAGE(.BOTH.,#5299);
#5299 = SURFACE_SIDE_STYLE('',(#5300));
#5300 = SURFACE_STYLE_FILL_AREA(#5301);
#5301 = FILL_AREA_STYLE('',(#5302));
#5302 = FILL_AREA_STYLE_COLOUR('',#5284);
#5303 = CURVE_STYLE('',#5304,POSITIVE_LENGTH_MEASURE(0.1),#5284);
#5304 = DRAUGHTING_PRE_DEFINED_CURVE_FONT('continuous');
#5305 = STYLED_ITEM('color',(#5306),#1843);
#5306 = PRESENTATION_STYLE_ASSIGNMENT((#5307,#5312));
#5307 = SURFACE_STYLE_USAGE(.BOTH.,#5308);
#5308 = SURFACE_SIDE_STYLE('',(#5309));
#5309 = SURFACE_STYLE_FILL_AREA(#5310);
#5310 = FILL_AREA_STYLE('',(#5311));
#5311 = FILL_AREA_STYLE_COLOUR('',#5284);
#5312 = CURVE_STYLE('',#5313,POSITIVE_LENGTH_MEASURE(0.1),#5284);
#5313 = DRAUGHTING_PRE_DEFINED_CURVE_FONT('continuous');
#5314 = STYLED_ITEM('color',(#5315),#2230);
#5315 = PRESENTATION_STYLE_ASSIGNMENT((#5316,#5321));
#5316 = SURFACE_STYLE_USAGE(.BOTH.,#5317);
#5317 = SURFACE_SIDE_STYLE('',(#5318));
#5318 = SURFACE_STYLE_FILL_AREA(#5319);
#5319 = FILL_AREA_STYLE('',(#5320));
#5320 = FILL_AREA_STYLE_COLOUR('',#5284);
#5321 = CURVE_STYLE('',#5322,POSITIVE_LENGTH_MEASURE(0.1),#5284);
#5322 = DRAUGHTING_PRE_DEFINED_CURVE_FONT('continuous');
#5323 = STYLED_ITEM('color',(#5324),#2617);
#5324 = PRESENTATION_STYLE_ASSIGNMENT((#5325,#5330));
#5325 = SURFACE_STYLE_USAGE(.BOTH.,#5326);
#5326 = SURFACE_SIDE_STYLE('',(#5327));
#5327 = SURFACE_STYLE_FILL_AREA(#5328);
#5328 = FILL_AREA_STYLE('',(#5329));
#5329 = FILL_AREA_STYLE_COLOUR('',#5284);
#5330 = CURVE_STYLE('',#5331,POSITIVE_LENGTH_MEASURE(0.1),#5284);
#5331 = DRAUGHTING_PRE_DEFINED_CURVE_FONT('continuous');
#5332 = MECHANICAL_DESIGN_GEOMETRIC_PRESENTATION_REPRESENTATION('',(
    #5333),#663);
#5333 = STYLED_ITEM('color',(#5334),#76);
#5334 = PRESENTATION_STYLE_ASSIGNMENT((#5335,#5341));
#5335 = SURFACE_STYLE_USAGE(.BOTH.,#5336);
#5336 = SURFACE_SIDE_STYLE('',(#5337));
#5337 = SURFACE_STYLE_FILL_AREA(#5338);
#5338 = FILL_AREA_STYLE('',(#5339));
#5339 = FILL_AREA_STYLE_COLOUR('',#5340);
#5340 = COLOUR_RGB('',0.300000011149,0.300000011149,0.300000011149);
#5341 = CURVE_STYLE('',#5342,POSITIVE_LENGTH_MEASURE(0.1),#5340);
#5342 = DRAUGHTING_PRE_DEFINED_CURVE_FONT('continuous');
#5343 = MECHANICAL_DESIGN_GEOMETRIC_PRESENTATION_REPRESENTATION('',(
    #5344,#5351,#5358,#5365,#5372,#5379,#5386,#5393,#5400,#5407,#5414,
    #5422,#5429,#5436,#5443,#5450,#5457,#5464,#5471,#5478,#5485,#5492,
    #5499,#5506,#5513,#5520,#5527,#5534),#3877);
#5344 = STYLED_ITEM('color',(#5345),#3025);
#5345 = PRESENTATION_STYLE_ASSIGNMENT((#5346));
#5346 = SURFACE_STYLE_USAGE(.BOTH.,#5347);
#5347 = SURFACE_SIDE_STYLE('',(#5348));
#5348 = SURFACE_STYLE_FILL_AREA(#5349);
#5349 = FILL_AREA_STYLE('',(#5350));
#5350 = FILL_AREA_STYLE_COLOUR('',#5089);
#5351 = STYLED_ITEM('color',(#5352),#3101);
#5352 = PRESENTATION_STYLE_ASSIGNMENT((#5353));
#5353 = SURFACE_STYLE_USAGE(.BOTH.,#5354);
#5354 = SURFACE_SIDE_STYLE('',(#5355));
#5355 = SURFACE_STYLE_FILL_AREA(#5356);
#5356 = FILL_AREA_STYLE('',(#5357));
#5357 = FILL_AREA_STYLE_COLOUR('',#5089);
#5358 = STYLED_ITEM('color',(#5359),#3132);
#5359 = PRESENTATION_STYLE_ASSIGNMENT((#5360));
#5360 = SURFACE_STYLE_USAGE(.BOTH.,#5361);
#5361 = SURFACE_SIDE_STYLE('',(#5362));
#5362 = SURFACE_STYLE_FILL_AREA(#5363);
#5363 = FILL_AREA_STYLE('',(#5364));
#5364 = FILL_AREA_STYLE_COLOUR('',#5089);
#5365 = STYLED_ITEM('color',(#5366),#3157);
#5366 = PRESENTATION_STYLE_ASSIGNMENT((#5367));
#5367 = SURFACE_STYLE_USAGE(.BOTH.,#5368);
#5368 = SURFACE_SIDE_STYLE('',(#5369));
#5369 = SURFACE_STYLE_FILL_AREA(#5370);
#5370 = FILL_AREA_STYLE('',(#5371));
#5371 = FILL_AREA_STYLE_COLOUR('',#5089);
#5372 = STYLED_ITEM('color',(#5373),#3182);
#5373 = PRESENTATION_STYLE_ASSIGNMENT((#5374));
#5374 = SURFACE_STYLE_USAGE(.BOTH.,#5375);
#5375 = SURFACE_SIDE_STYLE('',(#5376));
#5376 = SURFACE_STYLE_FILL_AREA(#5377);
#5377 = FILL_AREA_STYLE('',(#5378));
#5378 = FILL_AREA_STYLE_COLOUR('',#5089);
#5379 = STYLED_ITEM('color',(#5380),#3206);
#5380 = PRESENTATION_STYLE_ASSIGNMENT((#5381));
#5381 = SURFACE_STYLE_USAGE(.BOTH.,#5382);
#5382 = SURFACE_SIDE_STYLE('',(#5383));
#5383 = SURFACE_STYLE_FILL_AREA(#5384);
#5384 = FILL_AREA_STYLE('',(#5385));
#5385 = FILL_AREA_STYLE_COLOUR('',#5089);
#5386 = STYLED_ITEM('color',(#5387),#3230);
#5387 = PRESENTATION_STYLE_ASSIGNMENT((#5388));
#5388 = SURFACE_STYLE_USAGE(.BOTH.,#5389);
#5389 = SURFACE_SIDE_STYLE('',(#5390));
#5390 = SURFACE_STYLE_FILL_AREA(#5391);
#5391 = FILL_AREA_STYLE('',(#5392));
#5392 = FILL_AREA_STYLE_COLOUR('',#5089);
#5393 = STYLED_ITEM('color',(#5394),#3255);
#5394 = PRESENTATION_STYLE_ASSIGNMENT((#5395));
#5395 = SURFACE_STYLE_USAGE(.BOTH.,#5396);
#5396 = SURFACE_SIDE_STYLE('',(#5397));
#5397 = SURFACE_STYLE_FILL_AREA(#5398);
#5398 = FILL_AREA_STYLE('',(#5399));
#5399 = FILL_AREA_STYLE_COLOUR('',#5089);
#5400 = STYLED_ITEM('color',(#5401),#3280);
#5401 = PRESENTATION_STYLE_ASSIGNMENT((#5402));
#5402 = SURFACE_STYLE_USAGE(.BOTH.,#5403);
#5403 = SURFACE_SIDE_STYLE('',(#5404));
#5404 = SURFACE_STYLE_FILL_AREA(#5405);
#5405 = FILL_AREA_STYLE('',(#5406));
#5406 = FILL_AREA_STYLE_COLOUR('',#5089);
#5407 = STYLED_ITEM('color',(#5408),#3297);
#5408 = PRESENTATION_STYLE_ASSIGNMENT((#5409));
#5409 = SURFACE_STYLE_USAGE(.BOTH.,#5410);
#5410 = SURFACE_SIDE_STYLE('',(#5411));
#5411 = SURFACE_STYLE_FILL_AREA(#5412);
#5412 = FILL_AREA_STYLE('',(#5413));
#5413 = FILL_AREA_STYLE_COLOUR('',#5089);
#5414 = STYLED_ITEM('color',(#5415),#3383);
#5415 = PRESENTATION_STYLE_ASSIGNMENT((#5416));
#5416 = SURFACE_STYLE_USAGE(.BOTH.,#5417);
#5417 = SURFACE_SIDE_STYLE('',(#5418));
#5418 = SURFACE_STYLE_FILL_AREA(#5419);
#5419 = FILL_AREA_STYLE('',(#5420));
#5420 = FILL_AREA_STYLE_COLOUR('',#5421);
#5421 = COLOUR_RGB('',0.379000005575,0.270000008848,0.214999999939);
#5422 = STYLED_ITEM('color',(#5423),#3415);
#5423 = PRESENTATION_STYLE_ASSIGNMENT((#5424));
#5424 = SURFACE_STYLE_USAGE(.BOTH.,#5425);
#5425 = SURFACE_SIDE_STYLE('',(#5426));
#5426 = SURFACE_STYLE_FILL_AREA(#5427);
#5427 = FILL_AREA_STYLE('',(#5428));
#5428 = FILL_AREA_STYLE_COLOUR('',#5421);
#5429 = STYLED_ITEM('color',(#5430),#3439);
#5430 = PRESENTATION_STYLE_ASSIGNMENT((#5431));
#5431 = SURFACE_STYLE_USAGE(.BOTH.,#5432);
#5432 = SURFACE_SIDE_STYLE('',(#5433));
#5433 = SURFACE_STYLE_FILL_AREA(#5434);
#5434 = FILL_AREA_STYLE('',(#5435));
#5435 = FILL_AREA_STYLE_COLOUR('',#5421);
#5436 = STYLED_ITEM('color',(#5437),#3464);
#5437 = PRESENTATION_STYLE_ASSIGNMENT((#5438));
#5438 = SURFACE_STYLE_USAGE(.BOTH.,#5439);
#5439 = SURFACE_SIDE_STYLE('',(#5440));
#5440 = SURFACE_STYLE_FILL_AREA(#5441);
#5441 = FILL_AREA_STYLE('',(#5442));
#5442 = FILL_AREA_STYLE_COLOUR('',#5421);
#5443 = STYLED_ITEM('color',(#5444),#3488);
#5444 = PRESENTATION_STYLE_ASSIGNMENT((#5445));
#5445 = SURFACE_STYLE_USAGE(.BOTH.,#5446);
#5446 = SURFACE_SIDE_STYLE('',(#5447));
#5447 = SURFACE_STYLE_FILL_AREA(#5448);
#5448 = FILL_AREA_STYLE('',(#5449));
#5449 = FILL_AREA_STYLE_COLOUR('',#5421);
#5450 = STYLED_ITEM('color',(#5451),#3513);
#5451 = PRESENTATION_STYLE_ASSIGNMENT((#5452));
#5452 = SURFACE_STYLE_USAGE(.BOTH.,#5453);
#5453 = SURFACE_SIDE_STYLE('',(#5454));
#5454 = SURFACE_STYLE_FILL_AREA(#5455);
#5455 = FILL_AREA_STYLE('',(#5456));
#5456 = FILL_AREA_STYLE_COLOUR('',#5421);
#5457 = STYLED_ITEM('color',(#5458),#3537);
#5458 = PRESENTATION_STYLE_ASSIGNMENT((#5459));
#5459 = SURFACE_STYLE_USAGE(.BOTH.,#5460);
#5460 = SURFACE_SIDE_STYLE('',(#5461));
#5461 = SURFACE_STYLE_FILL_AREA(#5462);
#5462 = FILL_AREA_STYLE('',(#5463));
#5463 = FILL_AREA_STYLE_COLOUR('',#5421);
#5464 = STYLED_ITEM('color',(#5465),#3562);
#5465 = PRESENTATION_STYLE_ASSIGNMENT((#5466));
#5466 = SURFACE_STYLE_USAGE(.BOTH.,#5467);
#5467 = SURFACE_SIDE_STYLE('',(#5468));
#5468 = SURFACE_STYLE_FILL_AREA(#5469);
#5469 = FILL_AREA_STYLE('',(#5470));
#5470 = FILL_AREA_STYLE_COLOUR('',#5421);
#5471 = STYLED_ITEM('color',(#5472),#3579);
#5472 = PRESENTATION_STYLE_ASSIGNMENT((#5473));
#5473 = SURFACE_STYLE_USAGE(.BOTH.,#5474);
#5474 = SURFACE_SIDE_STYLE('',(#5475));
#5475 = SURFACE_STYLE_FILL_AREA(#5476);
#5476 = FILL_AREA_STYLE('',(#5477));
#5477 = FILL_AREA_STYLE_COLOUR('',#5089);
#5478 = STYLED_ITEM('color',(#5479),#3665);
#5479 = PRESENTATION_STYLE_ASSIGNMENT((#5480));
#5480 = SURFACE_STYLE_USAGE(.BOTH.,#5481);
#5481 = SURFACE_SIDE_STYLE('',(#5482));
#5482 = SURFACE_STYLE_FILL_AREA(#5483);
#5483 = FILL_AREA_STYLE('',(#5484));
#5484 = FILL_AREA_STYLE_COLOUR('',#5089);
#5485 = STYLED_ITEM('color',(#5486),#3696);
#5486 = PRESENTATION_STYLE_ASSIGNMENT((#5487));
#5487 = SURFACE_STYLE_USAGE(.BOTH.,#5488);
#5488 = SURFACE_SIDE_STYLE('',(#5489));
#5489 = SURFACE_STYLE_FILL_AREA(#5490);
#5490 = FILL_AREA_STYLE('',(#5491));
#5491 = FILL_AREA_STYLE_COLOUR('',#5089);
#5492 = STYLED_ITEM('color',(#5493),#3721);
#5493 = PRESENTATION_STYLE_ASSIGNMENT((#5494));
#5494 = SURFACE_STYLE_USAGE(.BOTH.,#5495);
#5495 = SURFACE_SIDE_STYLE('',(#5496));
#5496 = SURFACE_STYLE_FILL_AREA(#5497);
#5497 = FILL_AREA_STYLE('',(#5498));
#5498 = FILL_AREA_STYLE_COLOUR('',#5089);
#5499 = STYLED_ITEM('color',(#5500),#3746);
#5500 = PRESENTATION_STYLE_ASSIGNMENT((#5501));
#5501 = SURFACE_STYLE_USAGE(.BOTH.,#5502);
#5502 = SURFACE_SIDE_STYLE('',(#5503));
#5503 = SURFACE_STYLE_FILL_AREA(#5504);
#5504 = FILL_AREA_STYLE('',(#5505));
#5505 = FILL_AREA_STYLE_COLOUR('',#5089);
#5506 = STYLED_ITEM('color',(#5507),#3770);
#5507 = PRESENTATION_STYLE_ASSIGNMENT((#5508));
#5508 = SURFACE_STYLE_USAGE(.BOTH.,#5509);
#5509 = SURFACE_SIDE_STYLE('',(#5510));
#5510 = SURFACE_STYLE_FILL_AREA(#5511);
#5511 = FILL_AREA_STYLE('',(#5512));
#5512 = FILL_AREA_STYLE_COLOUR('',#5089);
#5513 = STYLED_ITEM('color',(#5514),#3794);
#5514 = PRESENTATION_STYLE_ASSIGNMENT((#5515));
#5515 = SURFACE_STYLE_USAGE(.BOTH.,#5516);
#5516 = SURFACE_SIDE_STYLE('',(#5517));
#5517 = SURFACE_STYLE_FILL_AREA(#5518);
#5518 = FILL_AREA_STYLE('',(#5519));
#5519 = FILL_AREA_STYLE_COLOUR('',#5089);
#5520 = STYLED_ITEM('color',(#5521),#3819);
#5521 = PRESENTATION_STYLE_ASSIGNMENT((#5522));
#5522 = SURFACE_STYLE_USAGE(.BOTH.,#5523);
#5523 = SURFACE_SIDE_STYLE('',(#5524));
#5524 = SURFACE_STYLE_FILL_AREA(#5525);
#5525 = FILL_AREA_STYLE('',(#5526));
#5526 = FILL_AREA_STYLE_COLOUR('',#5089);
#5527 = STYLED_ITEM('color',(#5528),#3844);
#5528 = PRESENTATION_STYLE_ASSIGNMENT((#5529));
#5529 = SURFACE_STYLE_USAGE(.BOTH.,#5530);
#5530 = SURFACE_SIDE_STYLE('',(#5531));
#5531 = SURFACE_STYLE_FILL_AREA(#5532);
#5532 = FILL_AREA_STYLE('',(#5533));
#5533 = FILL_AREA_STYLE_COLOUR('',#5089);
#5534 = STYLED_ITEM('color',(#5535),#3861);
#5535 = PRESENTATION_STYLE_ASSIGNMENT((#5536));
#5536 = SURFACE_STYLE_USAGE(.BOTH.,#5537);
#5537 = SURFACE_SIDE_STYLE('',(#5538));
#5538 = SURFACE_STYLE_FILL_AREA(#5539);
#5539 = FILL_AREA_STYLE('',(#5540));
#5540 = FILL_AREA_STYLE_COLOUR('',#5089);
ENDSEC;
END-ISO-10303-21;
